trait	nVariantsOverlappingEnhancers	nCommonVariantsOverlappingEnhancers	threshold	nVariantsTotal	nCommonVariantsTotal	recall	enrichment	biosample	method	SE_log_enr	CI_enr_low	CI_enr_high	p_enr	p_adjust_enr	recall_adjust	SE_recall	CI_recall_low	CI_recall_high	key	pred_name_long	hex	score_threshold	n_points
all_matched	4523	10573275	-4999985.0	19097	165692370	0.236843483269624	3.71154236147261	all_matched	ABC_distanceToTSS	0.0129896208574107	3.61824221531974	3.80724834912367	0.0	0.0	0.23689859169677	0.0030764107107223	0.230813829074955	0.242873137464292	all_matched.all_matched	In element (ABC) & distance to TSS	#96a0b3	-54190.0	48
all_matched	4523	10573191	-4791652.29166667	19097	165692370	0.236843483269624	3.71157184827166	all_matched	ABC_distanceToTSS	0.0129896208581621	3.61827096087912	3.80727859627618	0.0	0.0	0.23689859169677	0.0030764107107223	0.230813829074955	0.242873137464292	all_matched.all_matched	In element (ABC) & distance to TSS	#96a0b3	-54190.0	48
all_matched	4523	10573175	-4714578.83333333	19097	165692370	0.236843483269624	3.71157746485793	all_matched	ABC_distanceToTSS	0.0129896208583052	3.61827643627555	3.80728435769305	0.0	0.0	0.23689859169677	0.0030764107107223	0.230813829074955	0.242873137464292	all_matched.all_matched	In element (ABC) & distance to TSS	#96a0b3	-54190.0	48
all_matched	4523	10573131	-4583319.58333333	19097	165692370	0.236843483269624	3.71159291055783	all_matched	ABC_distanceToTSS	0.0129896208586988	3.61829149370118	3.80730020167935	0.0	0.0	0.23689859169677	0.0030764107107223	0.230813829074955	0.242873137464292	all_matched.all_matched	In element (ABC) & distance to TSS	#96a0b3	-54190.0	48
all_matched	4523	10573038	-4442859.33333333	19097	165692370	0.236843483269624	3.71162555757383	all_matched	ABC_distanceToTSS	0.0129896208595307	3.61832332003591	3.80733369053889	0.0	0.0	0.23689859169677	0.0030764107107223	0.230813829074955	0.242873137464292	all_matched.all_matched	In element (ABC) & distance to TSS	#96a0b3	-54190.0	48
all_matched	4523	10573002	-4374986.875	19097	165692370	0.236843483269624	3.7116381952826	all_matched	ABC_distanceToTSS	0.0129896208598528	3.61833564005773	3.80734665412655	0.0	0.0	0.23689859169677	0.0030764107107223	0.230813829074955	0.242873137464292	all_matched.all_matched	In element (ABC) & distance to TSS	#96a0b3	-54190.0	48
all_matched	4523	10572701	-4186245.25	19097	165692370	0.236843483269624	3.71174386393782	all_matched	ABC_distanceToTSS	0.0129896208625454	3.61843865241245	3.80745504757826	0.0	0.0	0.23689859169677	0.0030764107107223	0.230813829074955	0.242873137464292	all_matched.all_matched	In element (ABC) & distance to TSS	#96a0b3	-54190.0	48
all_matched	4523	10572701	-4166654.16666667	19097	165692370	0.236843483269624	3.71174386393782	all_matched	ABC_distanceToTSS	0.0129896208625454	3.61843865241245	3.80745504757826	0.0	0.0	0.23689859169677	0.0030764107107223	0.230813829074955	0.242873137464292	all_matched.all_matched	In element (ABC) & distance to TSS	#96a0b3	-54190.0	48
all_matched	4523	10572576	-3958321.45833333	19097	165692370	0.236843483269624	3.71178774803787	all_matched	ABC_distanceToTSS	0.0129896208636637	3.61848143335323	3.80750006328391	0.0	0.0	0.23689859169677	0.0030764107107223	0.230813829074955	0.242873137464292	all_matched.all_matched	In element (ABC) & distance to TSS	#96a0b3	-54190.0	48
all_matched	4523	10572576	-3918115.0	19097	165692370	0.236843483269624	3.71178774803787	all_matched	ABC_distanceToTSS	0.0129896208636637	3.61848143335323	3.80750006328391	0.0	0.0	0.23689859169677	0.0030764107107223	0.230813829074955	0.242873137464292	all_matched.all_matched	In element (ABC) & distance to TSS	#96a0b3	-54190.0	48
all_matched	4523	10572326	-3749988.75	19097	165692370	0.236843483269624	3.71187551935111	all_matched	ABC_distanceToTSS	0.0129896208659003	3.61856699826966	3.80759009788862	0.0	0.0	0.23689859169677	0.0030764107107223	0.230813829074955	0.242873137464292	all_matched.all_matched	In element (ABC) & distance to TSS	#96a0b3	-54190.0	48
all_matched	4523	10572170	-3661650.25	19097	165692370	0.236843483269624	3.71193029075386	all_matched	ABC_distanceToTSS	0.012989620867296	3.61862039282792	3.80764628163949	0.0	0.0	0.23689859169677	0.0030764107107223	0.230813829074955	0.242873137464292	all_matched.all_matched	In element (ABC) & distance to TSS	#96a0b3	-54190.0	48
all_matched	4523	10571754	-3541656.04166667	19097	165692370	0.236843483269624	3.71207635573049	all_matched	ABC_distanceToTSS	0.012989620871018	3.61876278602061	3.80779611308154	0.0	0.0	0.23689859169677	0.0030764107107223	0.230813829074955	0.242873137464292	all_matched.all_matched	In element (ABC) & distance to TSS	#96a0b3	-54190.0	48
all_matched	4523	10571432	-3423599.25	19097	165692370	0.236843483269624	3.71218942353309	all_matched	ABC_distanceToTSS	0.0129896208738992	3.6188730115228	3.80791209647676	0.0	0.0	0.23689859169677	0.0030764107107223	0.230813829074955	0.242873137464292	all_matched.all_matched	In element (ABC) & distance to TSS	#96a0b3	-54190.0	48
all_matched	4523	10571339	-3333323.33333333	19097	165692370	0.236843483269624	3.71222208104378	all_matched	ABC_distanceToTSS	0.0129896208747314	3.61890484808841	3.80794559610161	0.0	0.0	0.23689859169677	0.0030764107107223	0.230813829074955	0.242873137464292	all_matched.all_matched	In element (ABC) & distance to TSS	#96a0b3	-54190.0	48
all_matched	4523	10571031	-3179714.625	19097	165692370	0.236843483269624	3.71233024120346	all_matched	ABC_distanceToTSS	0.0129896208774876	3.61901028931609	3.8080565453043	0.0	0.0	0.23689859169677	0.0030764107107223	0.230813829074955	0.242873137464292	all_matched.all_matched	In element (ABC) & distance to TSS	#96a0b3	-54190.0	48
all_matched	4523	10570933	-3124990.625	19097	165692370	0.236843483269624	3.71236465712149	all_matched	ABC_distanceToTSS	0.0129896208783646	3.61904384008617	3.80809184867919	0.0	0.0	0.23689859169677	0.0030764107107223	0.230813829074955	0.242873137464292	all_matched.all_matched	In element (ABC) & distance to TSS	#96a0b3	-54190.0	48
all_matched	4523	10570218	-2937198.66666667	19097	165692370	0.236843483269624	3.71261577216281	all_matched	ABC_distanceToTSS	0.0129896208847635	3.61928864259316	3.80834943903131	0.0	0.0	0.23689859169677	0.0030764107107223	0.230813829074955	0.242873137464292	all_matched.all_matched	In element (ABC) & distance to TSS	#96a0b3	-54190.0	48
all_matched	4523	10570046	-2916657.91666667	19097	165692370	0.236843483269624	3.7126761853259	all_matched	ABC_distanceToTSS	0.012989620886303	3.61934753708909	3.80841141002226	0.0	0.0	0.23689859169677	0.0030764107107223	0.230813829074955	0.242873137464292	all_matched.all_matched	In element (ABC) & distance to TSS	#96a0b3	-54190.0	48
all_matched	4523	10568861	-2708325.20833333	19097	165692370	0.236843483269624	3.71309245736123	all_matched	ABC_distanceToTSS	0.0129896208969105	3.61975334487066	3.80883841614504	0.0	0.0	0.23689859169677	0.0030764107107223	0.230813829074955	0.242873137464292	all_matched.all_matched	In element (ABC) & distance to TSS	#96a0b3	-54190.0	48
all_matched	4523	10568833	-2706027.25	19097	165692370	0.236843483269624	3.71310229445382	all_matched	ABC_distanceToTSS	0.0129896208971612	3.61976293467824	3.80884850689919	0.0	0.0	0.23689859169677	0.0030764107107223	0.230813829074955	0.242873137464292	all_matched.all_matched	In element (ABC) & distance to TSS	#96a0b3	-54190.0	48
all_matched	4523	10566661	-2499992.5	19097	165692370	0.236843483269624	3.71386553065337	all_matched	ABC_distanceToTSS	0.0129896209166101	3.6205069846327	3.8096314240848	0.0	0.0	0.23689859169677	0.0030764107107223	0.230813829074955	0.242873137464292	all_matched.all_matched	In element (ABC) & distance to TSS	#96a0b3	-54190.0	48
all_matched	4523	10566339	-2482579.33333333	19097	165692370	0.236843483269624	3.71397870747846	all_matched	ABC_distanceToTSS	0.012989620919494	3.62061731641675	3.80974751931382	0.0	0.0	0.23689859169677	0.0030764107107223	0.230813829074955	0.242873137464292	all_matched.all_matched	In element (ABC) & distance to TSS	#96a0b3	-54190.0	48
all_matched	4523	10563760	-2291659.79166667	19097	165692370	0.236843483269624	3.7148854254545	all_matched	ABC_distanceToTSS	0.0129896209425992	3.62150124130018	3.81067761813046	0.0	0.0	0.23689859169677	0.0030764107107223	0.230813829074955	0.242873137464292	all_matched.all_matched	In element (ABC) & distance to TSS	#96a0b3	-54190.0	48
all_matched	4523	10562943	-2255371.16666667	19097	165692370	0.236843483269624	3.71517275649403	all_matched	ABC_distanceToTSS	0.012989620949921	3.6217813494069	3.81097235835501	0.0	0.0	0.23689859169677	0.0030764107107223	0.230813829074955	0.242873137464292	all_matched.all_matched	In element (ABC) & distance to TSS	#96a0b3	-54190.0	48
all_matched	4523	10560404	-2083327.08333333	19097	165692370	0.236843483269624	3.71606598213471	all_matched	ABC_distanceToTSS	0.0129896209726823	3.62265212112544	3.8118886169199	0.0	0.0	0.23689859169677	0.0030764107107223	0.230813829074955	0.242873137464292	all_matched.all_matched	In element (ABC) & distance to TSS	#96a0b3	-54190.0	48
all_matched	4523	10559537	-2031220.0	19097	165692370	0.236843483269624	3.71637109297494	all_matched	ABC_distanceToTSS	0.0129896209804572	3.62294956208388	3.81220159541927	0.0	0.0	0.23689859169677	0.0030764107107223	0.230813829074955	0.242873137464292	all_matched.all_matched	In element (ABC) & distance to TSS	#96a0b3	-54190.0	48
all_matched	4523	10556315	-1874994.375	19097	165692370	0.236843483269624	3.71750540430058	all_matched	ABC_distanceToTSS	0.0129896210093619	3.62405535907097	3.81336515636084	0.0	0.0	0.23689859169677	0.0030764107107223	0.230813829074955	0.242873137464292	all_matched.all_matched	In element (ABC) & distance to TSS	#96a0b3	-54190.0	48
all_matched	4523	10555074	-1818092.29166667	19097	165692370	0.236843483269624	3.71794248548132	all_matched	ABC_distanceToTSS	0.0129896210204996	3.62448145289707	3.81381350821871	0.0	0.0	0.23689859169677	0.0030764107107223	0.230813829074955	0.242873137464292	all_matched.all_matched	In element (ABC) & distance to TSS	#96a0b3	-54190.0	48
all_matched	4523	10549974	-1666661.66666667	19097	165692370	0.236843483269624	3.71973978912169	all_matched	ABC_distanceToTSS	0.0129896210662988	3.62623357588578	3.81565715754954	0.0	0.0	0.23689859169677	0.0030764107107223	0.230813829074955	0.242873137464292	all_matched.all_matched	In element (ABC) & distance to TSS	#96a0b3	-54190.0	48
all_matched	4523	10547612	-1601046.5	19097	165692370	0.236843483269624	3.72057277628332	all_matched	ABC_distanceToTSS	0.0129896210875251	3.62704562340086	3.81651162431234	0.0	0.0	0.23689859169677	0.0030764107107223	0.230813829074955	0.242873137464292	all_matched.all_matched	In element (ABC) & distance to TSS	#96a0b3	-54190.0	48
all_matched	4523	10541683	-1458328.95833333	19097	165692370	0.236843483269624	3.72266535258168	all_matched	ABC_distanceToTSS	0.0129896211408484	3.62908559647754	3.81865816027132	0.0	0.0	0.23689859169677	0.0030764107107223	0.230813829074955	0.242873137464292	all_matched.all_matched	In element (ABC) & distance to TSS	#96a0b3	-54190.0	48
all_matched	4523	10538366	-1397155.125	19097	165692370	0.236843483269624	3.7238370789171	all_matched	ABC_distanceToTSS	0.0129896211707065	3.63022786793449	3.81986010101558	0.0	0.0	0.23689859169677	0.0030764107107223	0.230813829074955	0.242873137464292	all_matched.all_matched	In element (ABC) & distance to TSS	#96a0b3	-54190.0	48
all_matched	4523	10528041	-1249996.25	19097	165692370	0.236843483269624	3.72748909906404	all_matched	ABC_distanceToTSS	0.0129896212637679	3.63378808353002	3.82360629300756	0.0	0.0	0.23689859169677	0.0030764107107223	0.230813829074955	0.242873137464292	all_matched.all_matched	In element (ABC) & distance to TSS	#96a0b3	-54190.0	48
all_matched	4519	10523327	-1197618.66666667	19097	165692370	0.236634026286851	3.72586090293599	all_matched	ABC_distanceToTSS	0.0129971521160788	3.63214720511948	3.82199252509932	0.0	0.0	0.236689178577038	0.0030754725750177	0.230606210804376	0.242661841769327	all_matched.all_matched	In element (ABC) & distance to TSS	#96a0b3	-54190.0	48
all_matched	4507	10505776	-1041663.54166667	19097	165692370	0.236005655338535	3.72217496036894	all_matched	ABC_distanceToTSS	0.0130197986097531	3.62839291766091	3.81838096093768	0.0	0.0	0.236060939217842	0.0030726519661175	0.229983368147918	0.242027942529151	all_matched.all_matched	In element (ABC) & distance to TSS	#96a0b3	-54190.0	48
all_matched	4507	10500913	-1007975.5	19097	165692370	0.236005655338535	3.72389870923081	all_matched	ABC_distanceToTSS	0.0130197986538338	3.63007323550234	3.82014926337756	0.0	0.0	0.236060939217842	0.0030726519661175	0.229983368147918	0.242027942529151	all_matched.all_matched	In element (ABC) & distance to TSS	#96a0b3	-54190.0	48
all_matched	4505	10476572	-844184.75	19097	165692370	0.235900926847149	3.73089438553954	all_matched	ABC_distanceToTSS	0.0130235811516042	3.6368656900593	3.82735412916046	0.0	0.0	0.235956232657976	0.0030721809589616	0.229879562813594	0.241922290880703	all_matched.all_matched	In element (ABC) & distance to TSS	#96a0b3	-54190.0	48
all_matched	4504	10474543	-833330.833333333	19097	165692370	0.235848562601456	3.73078876076298	all_matched	ABC_distanceToTSS	0.0130254731557673	3.63674924127785	3.82725996597575	0.0	0.0	0.235903879378043	0.0030719453582358	0.229827660336838	0.241869464866073	all_matched.all_matched	In element (ABC) & distance to TSS	#96a0b3	-54190.0	48
all_matched	4500	10433728	-668953.0	19097	165692370	0.235639105618684	3.74205671018451	all_matched	ABC_distanceToTSS	0.0130330471286689	3.64767901781274	3.83887627004898	0.0	0.0	0.235694466258311	0.0030710023073324	0.229620051699873	0.241658159537495	all_matched.all_matched	In element (ABC) & distance to TSS	#96a0b3	-54190.0	48
all_matched	4498	10418150	-624998.125	19097	165692370	0.235534377127298	3.74598649114245	all_matched	ABC_distanceToTSS	0.0130368374701424	3.65148255980194	3.84293627643202	0.0	0.0	0.235589759698445	0.0030705303928716	0.229516248143833	0.241552506110762	all_matched.all_matched	In element (ABC) & distance to TSS	#96a0b3	-54190.0	48
all_matched	4490	10364726	-520503.5	19097	165692370	0.235115463161753	3.75859799042624	all_matched	ABC_distanceToTSS	0.0130520214725688	3.66366686285495	3.85598892652252	0.0	0.0	0.235170933458981	0.003068640138842	0.229101039008109	0.241129887315398	all_matched.all_matched	In element (ABC) & distance to TSS	#96a0b3	-54190.0	48
all_matched	4473	10272452	-416665.416666666	19097	165692370	0.234225270984971	3.77800161669212	all_matched	ABC_distanceToTSS	0.0130844085721516	3.68234665684776	3.87614137011934	0.0	0.0	0.23428092770012	0.0030646095280475	0.22821874668332	0.240231795286623	all_matched.all_matched	In element (ABC) & distance to TSS	#96a0b3	-54190.0	48
all_matched	4462	10219435	-376182.5	19097	165692370	0.233649264282348	3.78826230096856	all_matched	ABC_distanceToTSS	0.0131054533560823	3.6921952563864	3.88682890920157	0.0	0.0	0.233705041620858	0.0030619914416959	0.227647871335654	0.239650657229042	all_matched.all_matched	In element (ABC) & distance to TSS	#96a0b3	-54190.0	48
all_matched	4366	9860744	-237802.916666667	19097	165692370	0.228622296695816	3.84159351204868	all_matched	ABC_distanceToTSS	0.0132921364629077	3.74280432088526	3.94299018772211	0.0	0.0	0.228679126747291	0.0030388044408252	0.222666349435738	0.234578243955894	all_matched.all_matched	In element (ABC) & distance to TSS	#96a0b3	-54190.0	48
all_matched	4318	9711177	-208332.708333333	19097	165692370	0.22610881290255	3.85787480628868	all_matched	ABC_distanceToTSS	0.0133875706653766	3.75796394668554	3.96044193934422	0.0	0.0	0.226166169310507	0.0030269805126604	0.220176040115831	0.232041585689269	all_matched.all_matched	In element (ABC) & distance to TSS	#96a0b3	-54190.0	48
all_matched	4049	8666505	-110179.416666667	19097	165692370	0.212022830811122	4.05360238426031	all_matched	ABC_distanceToTSS	0.0139503894894308	3.94426924892488	4.16596617843971	0.0	0.0	0.212083137008534	0.002957775550612	0.20622569725757	0.217819964364675	all_matched.all_matched	In element (ABC) & distance to TSS	#96a0b3	-54190.0	48
all_matched	3347	6873614	-54190.0	19097	165692370	0.175263130334608	4.22481731426292	all_matched	ABC_distanceToTSS	0.0156976162112807	4.09681260613166	4.35682152319616	0.0	0.0	0.175331134495576	0.0027513210344846	0.16987064019711	0.180655620472105	all_matched.all_matched	In element (ABC) & distance to TSS	#96a0b3	-54190.0	48
all_matched	402	1077171	0.0	19097	165692370	0.0210504267686024	3.23801429930918	all_matched	ArchR	0.0493486471267341	2.93949765258785	3.566846394077	4.04021045598481e-88	3.23216836478785e-87	0.0211507250929271	0.0010411001036093	0.0190099080612272	0.0230909454759776	all_matched.all_matched	ArchR (high-confidence)	#dcbca1	1.0	1
all_matched	399	1063844	0.0	19097	165692370	0.0208933340315233	3.2541105959941	all_matched	DIRECTNET	0.0495378032362341	2.95301500998024	3.58590651763465	4.46858824646931e-88	3.57487059717545e-87	0.0209936652531281	0.0010373106402354	0.0188602425358816	0.022926425527165	all_matched.all_matched	DIRECTNET (high-confidence)	#e0dcca	1.0	2
all_matched	296	707802	1.0	19097	165692370	0.0154998167251401	3.62841778880831	all_matched	DIRECTNET	0.057673012737764	3.24060374845293	4.06264285055702	7.45398131336271e-76	2.23619439400881e-75	0.0156012774200304	0.0008966801342879	0.0137423559562831	0.0172572774939971	all_matched.all_matched	DIRECTNET (high-confidence)	#e0dcca	1.0	2
all_matched	402	1077349	-0.999938822267204	19097	165692370	0.0210504267686024	3.23747931338979	all_matched	FigR	0.0493486469733505	2.9390119885827	3.56625707732524	4.2322459849531003e-88	4.2322459849531003e-88	0.0211507250929271	0.0010411001036093	0.0190099080612272	0.0230909454759776	all_matched.all_matched	FigR (p-value)	#bc9678	-0.05	48
all_matched	402	1077074	-0.958274704672737	19097	165692370	0.0210504267686024	3.23830591101556	all_matched	FigR	0.0493486472103409	2.93976237975928	3.56716762059422	3.93923726247539e-88	3.93923726247539e-88	0.0211507250929271	0.0010411001036093	0.0190099080612272	0.0230909454759776	all_matched.all_matched	FigR (p-value)	#bc9678	-0.05	48
all_matched	402	1076436	-0.926896365635968	19097	165692370	0.0210504267686024	3.24022524404718	all_matched	FigR	0.049348647760625	2.94150476387061	3.56928187270563	3.33487692989995e-88	3.33487692989995e-88	0.0211507250929271	0.0010411001036093	0.0190099080612272	0.0230909454759776	all_matched.all_matched	FigR (p-value)	#bc9678	-0.05	48
all_matched	402	1076278	-0.91661058707827	19097	165692370	0.0210504267686024	3.2407009163071	all_matched	FigR	0.049348647897003	2.94193658251444	3.56980585216341	3.20005382570359e-88	3.20005382570359e-88	0.0211507250929271	0.0010411001036093	0.0190099080612272	0.0230909454759776	all_matched.all_matched	FigR (p-value)	#bc9678	-0.05	48
all_matched	402	1075518	-0.874946469483804	19097	165692370	0.0210504267686024	3.24299091303091	all_matched	FigR	0.0493486485535585	2.94401545774311	3.57232841095997	2.62358336591696e-88	2.62358336591696e-88	0.0211507250929271	0.0010411001036093	0.0190099080612272	0.0230909454759776	all_matched.all_matched	FigR (p-value)	#bc9678	-0.05	48
all_matched	402	1075384	-0.870784962125646	19097	165692370	0.0210504267686024	3.24339501127148	all_matched	FigR	0.0493486486694158	2.94438230098453	3.57277354765488	2.5332402126261e-88	2.5332402126261e-88	0.0211507250929271	0.0010411001036093	0.0190099080612272	0.0230909454759776	all_matched.all_matched	FigR (p-value)	#bc9678	-0.05	48
all_matched	402	1073871	-0.833282351889337	19097	165692370	0.0210504267686024	3.24796470041669	all_matched	FigR	0.0493486499795726	2.94853069710536	3.57780731450731	1.70472653318566e-88	1.70472653318566e-88	0.0211507250929271	0.0010411001036093	0.0190099080612272	0.0230909454759776	all_matched.all_matched	FigR (p-value)	#bc9678	-0.05	48
all_matched	402	1073520	-0.823445686640382	19097	165692370	0.0210504267686024	3.24902666070606	all_matched	FigR	0.0493486502840428	2.94949475216271	3.57897712285757	1.55488347419275e-88	1.55488347419275e-88	0.0211507250929271	0.0010411001036093	0.0190099080612272	0.0230909454759776	all_matched.all_matched	FigR (p-value)	#bc9678	-0.05	48
all_matched	398	1072102	-0.79161823429487	19097	165692370	0.0208409697858302	3.22095255573873	all_matched	FigR	0.0496013155043921	2.92256118093889	3.54980947327405	1.27123914941645e-86	1.27123914941645e-86	0.0209413119731951	0.0010360441286817	0.0188103606072198	0.0228715789644406	all_matched.all_matched	FigR (p-value)	#bc9678	-0.05	48
all_matched	396	1071261	-0.779985526638443	19097	165692370	0.0207362412944442	3.20728278633155	all_matched	FigR	0.0497290711813678	2.90942918668228	3.53562922877971	1.09831260660854e-85	1.09831260660854e-85	0.0208366054133291	0.0010335060329172	0.0187106066921215	0.0227618758967668	all_matched.all_matched	FigR (p-value)	#bc9678	-0.05	48
all_matched	396	1069593	-0.749954116700403	19097	165692370	0.0207362412944442	3.21228445302869	all_matched	FigR	0.0497290726371024	2.91396635080984	3.54114295256089	7.146495695781009e-86	7.146495695781009e-86	0.0208366054133291	0.0010335060329172	0.0187106066921215	0.0227618758967668	all_matched.all_matched	FigR (p-value)	#bc9678	-0.05	48
all_matched	396	1068869	-0.741632586264713	19097	165692370	0.0207362412944442	3.21446029865991	all_matched	FigR	0.0497290732703821	2.91594012661347	3.54354155538202	5.92862624902007e-86	5.92862624902007e-86	0.0208366054133291	0.0010335060329172	0.0187106066921215	0.0227618758967668	all_matched.all_matched	FigR (p-value)	#bc9678	-0.05	48
all_matched	394	1066488	-0.712331207648446	19097	165692370	0.0206315128030581	3.20536588599594	all_matched	FigR	0.0498577949436585	2.90695680474002	3.53440768240978	3.43657556795039e-85	3.43657556795039e-85	0.0207318988534632	0.0010309611319687	0.0186108661149387	0.0226521594911774	all_matched.all_matched	FigR (p-value)	#bc9678	-0.05	48
all_matched	393	1065942	-0.708289999105936	19097	165692370	0.020579148557365	3.19886813452504	all_matched	FigR	0.0499225207826507	2.90069596613976	3.52769041000096	9.74913784390264e-85	9.74913784390264e-85	0.0206795455735302	0.0010296861137876	0.0185610008589601	0.0225972962557699	all_matched.all_matched	FigR (p-value)	#bc9678	-0.05	48
all_matched	393	1062900	-0.687032407058431	19097	165692370	0.020579148557365	3.20802323553664	all_matched	FigR	0.0499225234675824	2.90899768865166	3.53778661285672	4.4623990040128704e-85	4.4623990040128704e-85	0.0206795455735302	0.0010296861137876	0.0185610008589601	0.0225972962557699	all_matched.all_matched	FigR (p-value)	#bc9678	-0.05	48
all_matched	393	1059680	-0.666625881511469	19097	165692370	0.020579148557365	3.21777130553742	all_matched	FigR	0.049922526326415	2.91783710737475	3.54853673927528	1.94438459422866e-85	1.94438459422866e-85	0.0206795455735302	0.0010296861137876	0.0185610008589601	0.0225972962557699	all_matched.all_matched	FigR (p-value)	#bc9678	-0.05	48
all_matched	393	1058752	-0.662243427512455	19097	165692370	0.020579148557365	3.22059169385455	all_matched	FigR	0.0499225271535549	2.92039459753585	3.55164705046254	1.52936393738028e-85	1.52936393738028e-85	0.0206795455735302	0.0010296861137876	0.0185610008589601	0.0225972962557699	all_matched.all_matched	FigR (p-value)	#bc9678	-0.05	48
all_matched	393	1053559	-0.63975254240259	19097	165692370	0.020579148557365	3.23646601381782	all_matched	FigR	0.049922531809043	2.93478921704175	3.56915317726167	3.96810481318693e-86	3.96810481318693e-86	0.0206795455735302	0.0010296861137876	0.0185610008589601	0.0225972962557699	all_matched.all_matched	FigR (p-value)	#bc9678	-0.05	48
all_matched	391	1048737	-0.624961763917003	19097	165692370	0.020474420065979	3.23480070323409	all_matched	FigR	0.0500527257961043	2.93253072748851	3.5682270918966	1.22825480767416e-85	1.22825480767416e-85	0.0205748390136642	0.0010271309101381	0.0184612804747003	0.0224875596572576	all_matched.all_matched	FigR (p-value)	#bc9678	-0.05	48
all_matched	390	1046777	-0.619557360123187	19097	165692370	0.0204220558202859	3.23256895130048	all_matched	FigR	0.0501181949965386	2.93013150687739	3.56622288125485	2.4299801580327101e-85	2.4299801580327101e-85	0.0205224857337312	0.0010258507117988	0.0184114253716453	0.0224326862689265	all_matched.all_matched	FigR (p-value)	#bc9678	-0.05	48
all_matched	386	1037655	-0.600081501566596	19097	165692370	0.0202125988375137	3.22754037251967	all_matched	FigR	0.0503825945038471	2.92405772036357	3.56252093920676	2.66369402466324e-84	2.66369402466324e-84	0.0203130726139993	0.0010207124562677	0.0182120391846576	0.0222131584903699	all_matched.all_matched	FigR (p-value)	#bc9678	-0.05	48
all_matched	386	1027529	-0.583297646322536	19097	165692370	0.0202125988375137	3.25934684592542	all_matched	FigR	0.0503826040009436	2.95287340536963	3.5976286158174	1.8854661830501902e-85	1.8854661830501902e-85	0.0203130726139993	0.0010207124562677	0.0182120391846576	0.0222131584903699	all_matched.all_matched	FigR (p-value)	#bc9678	-0.05	48
all_matched	386	1026915	-0.582345177299636	19097	165692370	0.0202125988375137	3.26129563327724	all_matched	FigR	0.0503826045828321	2.95463894663691	3.59977966842262	1.6038405847977302e-85	1.6038405847977302e-85	0.0203130726139993	0.0010207124562677	0.0182120391846576	0.0222131584903699	all_matched.all_matched	FigR (p-value)	#bc9678	-0.05	48
all_matched	384	1011722	-0.568352208521247	19097	165692370	0.0201078703461277	3.29311875525353	all_matched	FigR	0.0505163505448006	2.98268779303987	3.63585862439529	3.171923441087e-86	3.171923441087e-86	0.0202083660541333	0.0010181327586327	0.0181123668077271	0.0221033738845282	all_matched.all_matched	FigR (p-value)	#bc9678	-0.05	48
all_matched	372	993900	-0.555712378375356	19097	165692370	0.0194794993978112	3.24741364487062	all_matched	FigR	0.0513411188916355	2.93654034194692	3.59119717521064	5.32270587790962e-82	5.32270587790962e-82	0.0195801266949374	0.0010025031582242	0.0175146293133041	0.0214443694823183	all_matched.all_matched	FigR (p-value)	#bc9678	-0.05	48
all_matched	370	980333	-0.541633528728069	19097	165692370	0.0193747709064251	3.27465433652914	all_matched	FigR	0.0514824520113304	2.9603531410864	3.62232494323763	1.6450276226824198e-82	1.6450276226824198e-82	0.0194754201350715	0.0009998724630894	0.0174150568896364	0.0213344849232138	all_matched.all_matched	FigR (p-value)	#bc9678	-0.05	48
all_matched	368	956182	-0.539675489387347	19097	165692370	0.019270042415039	3.3392167994674	all_matched	FigR	0.0516249398628289	3.01787597823968	3.69477371311636	2.82790815158511e-84	2.82790815158511e-84	0.0193707135752055	0.0009972342526673	0.0173154991956612	0.0212245856344168	all_matched.all_matched	FigR (p-value)	#bc9678	-0.05	48
all_matched	362	924751	-0.499969411133602	19097	165692370	0.0189558569408808	3.39641791348751	all_matched	FigR	0.0520593762459082	3.06695992608763	3.76126683134536	7.9087290200206e-85	7.9087290200206e-85	0.0190565938956076	0.0009892739275646	0.0170169156720095	0.020894798209752	all_matched.all_matched	FigR (p-value)	#bc9678	-0.05	48
all_matched	356	918714	-0.488679042905583	19097	165692370	0.0186416714667225	3.3620721204669	all_matched	FigR	0.0525046491630334	3.03329735875029	3.72648230830816	2.46790728465302e-82	2.46790728465302e-82	0.0187424742160096	0.0009812437624292	0.0167184690323066	0.0205648739011384	all_matched.all_matched	FigR (p-value)	#bc9678	-0.05	48
all_matched	350	902271	-0.458305293539135	19097	165692370	0.0183274859925643	3.36564578740731	all_matched	FigR	0.052961262885528	3.03380525067849	3.73378336126198	4.3064740154809295e-81	4.3064740154809295e-81	0.0184283545364117	0.0009731420283464	0.0164201626651629	0.0202348093199656	all_matched.all_matched	FigR (p-value)	#bc9678	-0.05	48
all_matched	345	876196	-0.416641175944668	19097	165692370	0.0180656647640991	3.4162936265277	all_matched	FigR	0.0533507976689071	3.077109205155	3.79286575955821	1.48168911690183e-81	1.48168911690183e-81	0.0181665881367468	0.0009663346143503	0.016171683722958	0.0199596458052401	all_matched.all_matched	FigR (p-value)	#bc9678	-0.05	48
all_matched	345	867334	-0.403485541391457	19097	165692370	0.0180656647640991	3.45119966516828	all_matched	FigR	0.0533508093301303	3.10854955011323	3.83161951799153	1.2010581315308499e-82	1.2010581315308499e-82	0.0181665881367468	0.0009663346143503	0.016171683722958	0.0199596458052401	all_matched.all_matched	FigR (p-value)	#bc9678	-0.05	48
all_matched	345	846897	-0.374977058350202	19097	165692370	0.0180656647640991	3.53448271795634	all_matched	FigR	0.0533508371528884	3.18356372554454	3.92408293362973	3.18225707627422e-85	3.18225707627422e-85	0.0181665881367468	0.0009663346143503	0.016171683722958	0.0199596458052401	all_matched.all_matched	FigR (p-value)	#bc9678	-0.05	48
all_matched	338	812211	-0.333312940755735	19097	165692370	0.0176991150442478	3.61064836426011	all_matched	FigR	0.0539105530842538	3.24860156508301	4.01304418198208	8.25223777922298e-86	8.25223777922298e-86	0.0178001151772159	0.0009567165645231	0.0158239850343696	0.019574245054126	all_matched.all_matched	FigR (p-value)	#bc9678	-0.05	48
all_matched	337	807779	-0.32862807047296	19097	165692370	0.0176467507985547	3.61971772305535	all_matched	FigR	0.0539919237614355	3.25624216284346	4.02376596682834	7.8790921161456e-86	7.8790921161456e-86	0.0177477618972829	0.0009553340519828	0.0157743304634636	0.0195191711336459	all_matched.all_matched	FigR (p-value)	#bc9678	-0.05	48
all_matched	330	771712	-0.291648823161268	19097	165692370	0.0172802010787035	3.71018912600417	all_matched	FigR	0.0545717835027722	3.33383776521778	4.12902616148161	1.09817752900743e-86	1.09817752900743e-86	0.017381288937752	0.0009455956205309	0.0154268677185239	0.019133534438883	all_matched.all_matched	FigR (p-value)	#bc9678	-0.05	48
all_matched	322	726910	-0.249984705566801	19097	165692370	0.0168612871131591	3.8433734891937	all_matched	FigR	0.0552573721882933	3.44887480502048	4.28299680693955	2.71090595993381e-88	2.71090595993381e-88	0.016962462698288	0.0009343324906888	0.0150300290818235	0.0186925451444948	all_matched.all_matched	FigR (p-value)	#bc9678	-0.05	48
all_matched	322	725588	-0.248802918453662	19097	165692370	0.0168612871131591	3.85037600267617	all_matched	FigR	0.0552573746947529	3.45515853652695	4.29080032225863	1.74939446863391e-88	1.74939446863391e-88	0.016962462698288	0.0009343324906888	0.0150300290818235	0.0186925451444948	all_matched.all_matched	FigR (p-value)	#bc9678	-0.05	48
all_matched	302	675946	-0.208320587972334	19097	165692370	0.0158140021992983	3.87643318192126	all_matched	FigR	0.05708819715738	3.46608126534752	4.3353669644539	8.96395330413392e-84	8.96395330413392e-84	0.0159153970996283	0.0009055176204086	0.0140392202759309	0.0175887841226657	all_matched.all_matched	FigR (p-value)	#bc9678	-0.05	48
all_matched	287	628761	-0.171606475982354	19097	165692370	0.0150285385139027	3.96035085510205	all_matched	FigR	0.0585844855838176	3.53074585614045	4.44222822445015	1.00840765032831e-81	1.00840765032831e-81	0.0151300979006335	0.0008832471597251	0.0132974058913941	0.0167596711364114	all_matched.all_matched	FigR (p-value)	#bc9678	-0.05	48
all_matched	281	622631	-0.166656470377867	19097	165692370	0.0147143530397445	3.91573183502261	all_matched	FigR	0.0592160798315971	3.4866481499683	4.3976206213836	5.13025961819388e-79	5.13025961819388e-79	0.0148159782210355	0.0008741697882682	0.0130010117383657	0.0164276943411233	all_matched.all_matched	FigR (p-value)	#bc9678	-0.05	48
all_matched	265	562518	-0.124992352783401	19097	165692370	0.0138765251086558	4.08739690573046	all_matched	FigR	0.0610035803470531	3.62677380323828	4.60652204172694	2.2303525525302597e-78	2.2303525525302597e-78	0.0139783257421077	0.0008494596548558	0.0122116147788186	0.015541435438493	all_matched.all_matched	FigR (p-value)	#bc9678	-0.05	48
all_matched	250	514306	-0.0971215563838351	19097	165692370	0.0130910614232602	4.21750668480546	all_matched	FigR	0.0628321520381931	3.72883318389645	4.77022214702343	1.13185124332013e-76	1.13185124332013e-76	0.0131930265431129	0.0008255821049015	0.0114729502313724	0.014709172615148	all_matched.all_matched	FigR (p-value)	#bc9678	-0.05	48
all_matched	241	487377	-0.0833282351889337	19097	165692370	0.0126197832120228	4.29031691952282	all_matched	FigR	0.0640099620535202	3.78446066480118	4.86378929529998	2.24204706506985e-75	2.24204706506985e-75	0.012721847023716	0.0008108990574664	0.0110304502642911	0.0142091161597546	all_matched.all_matched	FigR (p-value)	#bc9678	-0.05	48
all_matched	213	408159	-0.05	19097	165692370	0.0111535843326177	4.52780367961087	all_matched	FigR	0.0681381279970017	3.96176132783077	5.17472014709248	8.98494259829126e-71	1.79698851965825e-70	0.0112559551855924	0.0007633172302474	0.0096575100525538	0.0126496586126815	all_matched.all_matched	FigR (p-value)	#bc9678	-0.05	48
all_matched	207	384750	-0.0416641175944669	19097	165692370	0.0108393988584594	4.66798099086014	all_matched	FigR	0.0691296762330734	4.0764844660854	5.34530346241118	5.1984544778891e-71	5.1984544778891e-71	0.0109418355059944	0.0007527104659044	0.0093641134545003	0.0123146842624186	all_matched.all_matched	FigR (p-value)	#bc9678	-0.05	48
all_matched	207	380367	-0.0403193828821366	19097	165692370	0.0108393988584594	4.72177051698344	all_matched	FigR	0.0691297061826033	4.12345788740788	5.40689814806607	7.89522635578676e-72	7.89522635578676e-72	0.0109418355059944	0.0007527104659044	0.0093641134545003	0.0123146842624186	all_matched.all_matched	FigR (p-value)	#bc9678	-0.05	48
all_matched	141	223782	-0.00706331837341	19097	165692370	0.0073833586427187	5.46677655965204	all_matched	FigR	0.0839081832312207	4.63776296882578	6.44397873587913	5.56522423356651e-57	5.56522423356651e-57	0.0074865190304172	0.0006237062863295	0.0061609167845816	0.0086058005008558	all_matched.all_matched	FigR (p-value)	#bc9678	-0.05	48
all_matched	4523	10573275	-0.142461499886877	19097	165692370	0.236843483269624	3.71154236147261	all_matched	Kendall	0.0129896208574107	3.61824221531974	3.80724834912367	0.0	0.0	0.23689859169677	0.0030764107107223	0.230813829074955	0.242873137464292	all_matched.all_matched	Kendall correlation (access. at E x expr. at G)	#d3a9ce	0.013	38
all_matched	4523	10573275	-0.107071103387421	19097	165692370	0.236843483269624	3.71154236147261	all_matched	Kendall	0.0129896208574107	3.61824221531974	3.80724834912367	0.0	0.0	0.23689859169677	0.0030764107107223	0.230813829074955	0.242873137464292	all_matched.all_matched	Kendall correlation (access. at E x expr. at G)	#d3a9ce	0.013	38
all_matched	4523	10573275	-0.0716807068879651	19097	165692370	0.236843483269624	3.71154236147261	all_matched	Kendall	0.0129896208574107	3.61824221531974	3.80724834912367	0.0	0.0	0.23689859169677	0.0030764107107223	0.230813829074955	0.242873137464292	all_matched.all_matched	Kendall correlation (access. at E x expr. at G)	#d3a9ce	0.013	38
all_matched	4523	10573267	-0.0362903103885091	19097	165692370	0.236843483269624	3.711545169719	all_matched	Kendall	0.0129896208574823	3.61824495297238	3.80725122978416	0.0	0.0	0.23689859169677	0.0030764107107223	0.230813829074955	0.242873137464292	all_matched.all_matched	Kendall correlation (access. at E x expr. at G)	#d3a9ce	0.013	38
all_matched	4523	10573267	-0.0278804205180856	19097	165692370	0.236843483269624	3.711545169719	all_matched	Kendall	0.0129896208574823	3.61824495297238	3.80725122978416	0.0	0.0	0.23689859169677	0.0030764107107223	0.230813829074955	0.242873137464292	all_matched.all_matched	Kendall correlation (access. at E x expr. at G)	#d3a9ce	0.013	38
all_matched	4523	10573171	-0.0189888438410502	19097	165692370	0.236843483269624	3.71157886900716	all_matched	Kendall	0.012989620858341	3.61827780512724	3.80728579804999	0.0	0.0	0.23689859169677	0.0030764107107223	0.230813829074955	0.242873137464292	all_matched.all_matched	Kendall correlation (access. at E x expr. at G)	#d3a9ce	0.013	38
all_matched	4523	10573107	-0.0140890202945965	19097	165692370	0.236843483269624	3.71160133553924	all_matched	Kendall	0.0129896208589135	3.61829970689525	3.80730884390929	0.0	0.0	0.23689859169677	0.0030764107107223	0.230813829074955	0.242873137464292	all_matched.all_matched	Kendall correlation (access. at E x expr. at G)	#d3a9ce	0.013	38
all_matched	4523	10573045	-0.0106880670216131	19097	165692370	0.236843483269624	3.71162310025156	all_matched	Kendall	0.0129896208594681	3.61832092448585	3.80733116985154	0.0	0.0	0.23689859169677	0.0030764107107223	0.230813829074955	0.242873137464292	all_matched.all_matched	Kendall correlation (access. at E x expr. at G)	#d3a9ce	0.013	38
all_matched	4523	10572725	-0.0080559048754012	19097	165692370	0.236843483269624	3.71173543830935	all_matched	Kendall	0.0129896208623307	3.61843043858758	3.80744640468458	0.0	0.0	0.23689859169677	0.0030764107107223	0.230813829074955	0.242873137464292	all_matched.all_matched	Kendall correlation (access. at E x expr. at G)	#d3a9ce	0.013	38
all_matched	4523	10572184	-0.0057536604351965	19097	165692370	0.236843483269624	3.71192537530554	all_matched	Kendall	0.0129896208671707	3.61861560094423	3.80764123944028	0.0	0.0	0.23689859169677	0.0030764107107223	0.230813829074955	0.242873137464292	all_matched.all_matched	Kendall correlation (access. at E x expr. at G)	#d3a9ce	0.013	38
all_matched	4523	10571388	-0.0036086512622601	19097	165692370	0.236843483269624	3.71220487432675	all_matched	Kendall	0.012989620874293	3.61888807391413	3.80792794568817	0.0	0.0	0.23689859169677	0.0030764107107223	0.230813829074955	0.242873137464292	all_matched.all_matched	Kendall correlation (access. at E x expr. at G)	#d3a9ce	0.013	38
all_matched	4523	10568129	-0.0014548372224279	19097	165692370	0.236843483269624	3.71334964419901	all_matched	Kendall	0.0129896209034642	3.62000406654117	3.8091022348624	0.0	0.0	0.23689859169677	0.0030764107107223	0.230813829074955	0.242873137464292	all_matched.all_matched	Kendall correlation (access. at E x expr. at G)	#d3a9ce	0.013	38
all_matched	4523	10567110	-0.0008999138890531	19097	165692370	0.236843483269624	3.71370772727825	all_matched	Kendall	0.0129896209125889	3.62035314812162	3.80946955155516	0.0	0.0	0.23689859169677	0.0030764107107223	0.230813829074955	0.242873137464292	all_matched.all_matched	Kendall correlation (access. at E x expr. at G)	#d3a9ce	0.013	38
all_matched	4515	10503428	0.0012168321267533	19097	165692370	0.236424569304079	3.72961543738122	all_matched	Kendall	0.0130046920769007	3.6357535749123	3.82590046991505	0.0	0.0	0.236479765457306	0.0030745334063137	0.230398594558439	0.242450544049719	all_matched.all_matched	Kendall correlation (access. at E x expr. at G)	#d3a9ce	0.013	38
all_matched	4515	10502009	0.0037937715159104	19097	165692370	0.236424569304079	3.73011937184801	all_matched	Kendall	0.0130046920897647	3.6362448269537	3.82641741422351	0.0	0.0	0.236479765457306	0.0030745334063137	0.230398594558439	0.242450544049719	all_matched.all_matched	Kendall correlation (access. at E x expr. at G)	#d3a9ce	0.013	38
all_matched	4515	10500342	0.0062758283818417	19097	165692370	0.236424569304079	3.73071155341627	all_matched	Kendall	0.0130046921048815	3.63682210519807	3.82702488386785	0.0	0.0	0.236479765457306	0.0030745334063137	0.230398594558439	0.242450544049719	all_matched.all_matched	Kendall correlation (access. at E x expr. at G)	#d3a9ce	0.013	38
all_matched	4515	10497460	0.0087171969094189	19097	165692370	0.236424569304079	3.73173579267958	all_matched	Kendall	0.0130046921310276	3.63782056762138	3.82807556543983	0.0	0.0	0.236479765457306	0.0030745334063137	0.230398594558439	0.242450544049719	all_matched.all_matched	Kendall correlation (access. at E x expr. at G)	#d3a9ce	0.013	38
all_matched	4515	10492471	0.0111695773522765	19097	165692370	0.236424569304079	3.73351017260111	all_matched	Kendall	0.0130046921763227	3.63955029205156	3.82989575370277	0.0	0.0	0.236479765457306	0.0030745334063137	0.230398594558439	0.242450544049719	all_matched.all_matched	Kendall correlation (access. at E x expr. at G)	#d3a9ce	0.013	38
all_matched	4514	10485094	0.013	19097	165692370	0.236372205058386	3.73530946486984	all_matched	Kendall	0.0130065785926234	3.64129083919332	3.8317556642735	0.0	0.0	0.236427412177373	0.0030742984526206	0.230346690813522	0.24239771930325	all_matched.all_matched	Kendall correlation (access. at E x expr. at G)	#d3a9ce	0.013	38
all_matched	4514	10481509	0.0137297014967757	19097	165692370	0.236372205058386	3.73658705614335	all_matched	Kendall	0.013006578625244	3.6425362729584	3.83306624337285	0.0	0.0	0.236427412177373	0.0030742984526206	0.230346690813522	0.24239771930325	all_matched.all_matched	Kendall correlation (access. at E x expr. at G)	#d3a9ce	0.013	38
all_matched	4514	10459907	0.0164557636179861	19097	165692370	0.236372205058386	3.74430392720031	all_matched	Kendall	0.0130065788222786	3.65005890712946	3.84098236657592	0.0	0.0	0.236427412177373	0.0030742984526206	0.230346690813522	0.24239771930325	all_matched.all_matched	Kendall correlation (access. at E x expr. at G)	#d3a9ce	0.013	38
all_matched	4510	10417534	0.0193431751526013	19097	165692370	0.236162748075614	3.75620232526829	all_matched	Kendall	0.0130141302336401	3.66160362574453	3.85324501241775	0.0	0.0	0.236217999057641	0.0030733579913355	0.230139077100998	0.24218641905023	all_matched.all_matched	Kendall correlation (access. at E x expr. at G)	#d3a9ce	0.013	38
all_matched	4499	10340672	0.0225658123214786	19097	165692370	0.235586741372991	3.77489253296767	all_matched	Kendall	0.0130349428067786	3.67967302292026	3.87257605409356	0.0	0.0	0.235642112978378	0.0030707663825319	0.229568149858292	0.24160533288769	all_matched.all_matched	Kendall correlation (access. at E x expr. at G)	#d3a9ce	0.013	38
all_matched	4444	10209110	0.0261227682326903	19097	165692370	0.232706707859873	3.77679601260051	all_matched	Kendall	0.0131400407960003	3.680770214768	3.87532698008811	0.0	0.0	0.232762682582064	0.0030576902166907	0.226713745159279	0.238699670560468	all_matched.all_matched	Kendall correlation (access. at E x expr. at G)	#d3a9ce	0.013	38
all_matched	4388	10006132	0.0302566601797217	19097	165692370	0.229774310101063	3.80485186541214	all_matched	Kendall	0.0132488678607386	3.70732189643159	3.90494759348106	0.0	0.0	0.229830898905816	0.0030441720977539	0.223807842426724	0.235740777775402	all_matched.all_matched	Kendall correlation (access. at E x expr. at G)	#d3a9ce	0.013	38
all_matched	4308	9761068	0.0344904826104028	19097	165692370	0.22558517044562	3.82926760964975	all_matched	Kendall	0.0134076327634539	3.72995094814525	3.93122875613261	0.0	0.0	0.225642636511177	0.0030244976175242	0.219657264043945	0.231513076847294	all_matched.all_matched	Kendall correlation (access. at E x expr. at G)	#d3a9ce	0.013	38
all_matched	4297	9715161	0.0352282647834963	19097	165692370	0.225009163742996	3.83753821602083	all_matched	Kendall	0.0134297751125444	3.73784482710917	3.93989056276846	0.0	0.0	0.225066750431915	0.003021758591826	0.219086625733043	0.23093170175295	all_matched.all_matched	Kendall correlation (access. at E x expr. at G)	#d3a9ce	0.013	38
all_matched	4193	9337013	0.0414028840251078	19097	165692370	0.21956328219092	3.89631679758744	all_matched	Kendall	0.0136429922647573	3.79351079915157	4.00190888887344	0.0	0.0	0.219622009318884	0.002995452134042	0.213692303890784	0.225434260491056	all_matched.all_matched	Kendall correlation (access. at E x expr. at G)	#d3a9ce	0.013	38
all_matched	4002	8797914	0.0502088575147776	19097	165692370	0.209561711263549	3.94670561686704	all_matched	Kendall	0.0140539617889218	3.83947619956158	4.05692975202932	0.0	0.0	0.209622532851683	0.0029451553317963	0.203789312884352	0.215334109642746	all_matched.all_matched	Kendall correlation (access. at E x expr. at G)	#d3a9ce	0.013	38
all_matched	3588	7798435	0.066280559584392	19097	165692370	0.18788291354663	3.99192469104972	all_matched	Kendall	0.0150448074615721	3.87593224228362	4.11138836875629	0.0	0.0	0.187948274959426	0.0028267211366971	0.182342641924366	0.193423185168895	all_matched.all_matched	Kendall correlation (access. at E x expr. at G)	#d3a9ce	0.013	38
all_matched	3477	7572757	0.0698808791098587	19097	165692370	0.182070482274703	3.98371289546707	all_matched	Kendall	0.0153376620267581	3.86573954386356	4.10528651851428	0.0	0.0	0.182137060886865	0.0027926169793097	0.176597053572641	0.187543910976765	all_matched.all_matched	Kendall correlation (access. at E x expr. at G)	#d3a9ce	0.013	38
all_matched	2329	5318048	0.105271275609315	19097	165692370	0.121956328219092	3.79974627139868	all_matched	Kendall	0.0194167878380799	3.65785931233736	3.94713697115441	0.0	0.0	0.122035495523795	0.0023683915950499	0.117314365991507	0.126598290446677	all_matched.all_matched	Kendall correlation (access. at E x expr. at G)	#d3a9ce	0.013	38
all_matched	1404	3368427	0.140661672108771	19097	165692370	0.0735194009530293	3.6164072384195	all_matched	Kendall	0.0256885462598667	3.43883390202493	3.80315004641307	0.0	0.0	0.0736087115857808	0.0018894429657782	0.0698161607892614	0.0772226411167972	all_matched.all_matched	Kendall correlation (access. at E x expr. at G)	#d3a9ce	0.013	38
all_matched	832	2073822	0.176052068608227	19097	165692370	0.0435670524166099	3.4808812756458	all_matched	Kendall	0.0339056207792044	3.25708201216162	3.72005814096778	3.3372266531519303e-200	3.3372266531519303e-200	0.0436626354641118	0.0014785379727465	0.0406691712402518	0.0464649335929681	all_matched.all_matched	Kendall correlation (access. at E x expr. at G)	#d3a9ce	0.013	38
all_matched	490	1307581	0.211442465107683	19097	165692370	0.02565848038959	3.2513583681238	all_matched	Kendall	0.0445928217159805	2.9792528389958	3.54831624211254	1.07014323292973e-107	1.07014323292973e-107	0.02575781372703	0.0011461987023713	0.0234119722138156	0.0279049885653643	all_matched.all_matched	Kendall correlation (access. at E x expr. at G)	#d3a9ce	0.013	38
all_matched	300	833656	0.246832861607139	19097	165692370	0.0157092737079122	3.12227920346362	all_matched	Kendall	0.0572809376306257	2.79070617827738	3.49324751572341	6.04173351392986e-63	6.04173351392986e-63	0.0158106905397623	0.0009025820422188	0.0139402454120708	0.0174783020037537	all_matched.all_matched	Kendall correlation (access. at E x expr. at G)	#d3a9ce	0.013	38
all_matched	209	572644	0.282223258106594	19097	165692370	0.0109441273498455	3.16664174980917	all_matched	Kendall	0.0687936347548987	2.76720723983508	3.6237329200657	2.24268299827147e-45	2.24268299827147e-45	0.0110465420658604	0.0007562633423168	0.0094618784360767	0.0124263762636143	all_matched.all_matched	Kendall correlation (access. at E x expr. at G)	#d3a9ce	0.013	38
all_matched	119	352607	0.31761365460605	19097	165692370	0.0062313452374718	2.92815049243187	all_matched	Kendall	0.091386620115045	2.44796363210238	3.50252969198131	5.11236281637413e-24	5.11236281637413e-24	0.0063347468718915	0.0005740591350893	0.0051062100077004	0.0073564804672432	all_matched.all_matched	Kendall correlation (access. at E x expr. at G)	#d3a9ce	0.013	38
all_matched	383	887020	0.0	19097	165692370	0.0200555061004346	3.74630147835502	all_matched	ScenicPlus	0.050583744949733	3.39270236806837	4.13675390414978	1.6712182144279e-101	1.33697457154232e-100	0.0201560127742003	0.0010168402439083	0.0180625358443433	0.022048476356526	all_matched.all_matched	SCENIC+ (importance)	#c5c1a5	0.003	25
all_matched	361	786294	3.82467240190489e-05	19097	165692370	0.0189034926951877	3.98345212597749	all_matched	ScenicPlus	0.0521330109459921	3.59653178421209	4.41199794468959	5.6357991801843e-103	5.6357991801843e-103	0.0190042406156746	0.0009879404625197	0.0169671649697792	0.0208398204205962	all_matched.all_matched	SCENIC+ (importance)	#c5c1a5	0.003	25
all_matched	359	767233	7.69683728211434e-05	19097	165692370	0.0187987642038016	4.05979903627589	all_matched	ScenicPlus	0.0522808447334086	3.66440106273702	4.49786143295022	1.1660758920692201e-104	1.1660758920692201e-104	0.0188995340558086	0.0009852676813803	0.0168676750331648	0.0207298533744385	all_matched.all_matched	SCENIC+ (importance)	#c5c1a5	0.003	25
all_matched	357	749706	0.0001131453602782	19097	165692370	0.0186940357124156	4.13156501622606	all_matched	ScenicPlus	0.0524299097442055	3.72808813883808	4.57870866986077	3.69235013400766e-106	3.69235013400766e-106	0.0187948274959426	0.00098258704577	0.0167682004910307	0.0206198709338004	all_matched.all_matched	SCENIC+ (importance)	#c5c1a5	0.003	25
all_matched	352	732089	0.0001526156601385	19097	165692370	0.0184322144839504	4.17172953314974	all_matched	ScenicPlus	0.0528080341676318	3.76154155311796	4.62664762624464	7.85872473055132e-106	7.85872473055132e-106	0.0185330610962777	0.0009758506681889	0.0165195823200106	0.0203448466478901	all_matched.all_matched	SCENIC+ (importance)	#c5c1a5	0.003	25
all_matched	351	709500	0.0002078927629278	19097	165692370	0.0183798502382573	4.29231986782512	all_matched	ScenicPlus	0.0528846578777151	3.86969357274197	4.76110304379254	6.97784880767883e-109	6.97784880767883e-109	0.0184807078163447	0.000974497362984	0.0164698705037793	0.0202898299727353	all_matched.all_matched	SCENIC+ (importance)	#c5c1a5	0.003	25
all_matched	342	686792	0.0002683661438114	19097	165692370	0.01790857202702	4.32054208912253	all_matched	ScenicPlus	0.05358887728968	3.88976447107997	4.79902680038015	6.81349981855625e-107	6.81349981855625e-107	0.0180095282969478	0.0009622252598982	0.0160226451726046	0.0197944988814353	all_matched.all_matched	SCENIC+ (importance)	#c5c1a5	0.003	25
all_matched	336	658819	0.0003504016542281	19097	165692370	0.0175943865528617	4.42497196747481	all_matched	ScenicPlus	0.0540739283725023	3.97999670454877	4.91969676521574	9.19725311761185e-108	9.19725311761185e-108	0.0176954086173499	0.0009539493854164	0.0157246801143714	0.019464092991352	all_matched.all_matched	SCENIC+ (importance)	#c5c1a5	0.003	25
all_matched	328	638095	0.0004221351605752	19097	165692370	0.0171754725873174	4.4599076295264	all_matched	ScenicPlus	0.0547410920199814	4.00617726490227	4.96502644507744	4.0512065580712e-106	4.0512065580712e-106	0.017276582377886	0.0009427933659527	0.0153276315451866	0.0190233136294481	all_matched.all_matched	SCENIC+ (importance)	#c5c1a5	0.003	25
all_matched	324	613501	0.0005148654455192	19097	165692370	0.0169660156045452	4.58212673650749	all_matched	ScenicPlus	0.0550838852309639	4.11319793411593	5.10451618563537	7.75937125779598e-108	7.75937125779598e-108	0.017067169258154	0.000937161882323	0.0151292120675083	0.0188028191415821	all_matched.all_matched	SCENIC+ (importance)	#c5c1a5	0.003	25
all_matched	323	585452	0.0006349710534479	19097	165692370	0.0169136513588522	4.78683645969599	all_matched	ScenicPlus	0.0551706333985294	4.29622741362869	5.33347076069265	2.2633302236943504e-112	2.2633302236943504e-112	0.017014815978221	0.000935748332572	0.0150796183284176	0.0187476843892868	all_matched.all_matched	SCENIC+ (importance)	#c5c1a5	0.003	25
all_matched	315	550327	0.0008185891095324	19097	165692370	0.0164947373933079	4.96623304185475	all_matched	ScenicPlus	0.0558788092757386	4.45105505809585	5.54103921521943	1.1352284089027301e-113	1.1352284089027301e-113	0.0165959897387571	0.0009243565309169	0.0146830318838363	0.0183064429027794	all_matched.all_matched	SCENIC+ (importance)	#c5c1a5	0.003	25
all_matched	304	520352	0.0010026923448669	19097	165692370	0.0159187306906844	5.06889992837778	all_matched	ScenicPlus	0.0568975169636672	4.5340098898665	5.66689246561498	5.924266087531401e-112	5.924266087531401e-112	0.0160201036594943	0.0009084430806928	0.0141382149705217	0.0176992464108471	all_matched.all_matched	SCENIC+ (importance)	#c5c1a5	0.003	25
all_matched	291	491096	0.0012217189775058	19097	165692370	0.0152379954966749	5.1411935505347	all_matched	ScenicPlus	0.0581747203064831	4.58717746785633	5.76212089226441	1.04641429559712e-108	1.04641429559712e-108	0.0153395110203654	0.0008892440364662	0.0134951092117339	0.0169808817816158	all_matched.all_matched	SCENIC+ (importance)	#c5c1a5	0.003	25
all_matched	278	458332	0.001512423632553	19097	165692370	0.0145572603026653	5.26261958635997	all_matched	ScenicPlus	0.0595400465646229	4.682970243813	5.91401684589595	3.05669615949248e-106	3.05669615949248e-106	0.0146589183812366	0.0008695933424196	0.0128528886703271	0.0162616319350036	all_matched.all_matched	SCENIC+ (importance)	#c5c1a5	0.003	25
all_matched	270	419944	0.001960994497261	19097	165692370	0.014138346337121	5.57840119748919	all_matched	ScenicPlus	0.060428689519115	4.95533194021381	6.27981340011021	7.31369378052152e-109	7.31369378052152e-109	0.0142400921417727	0.0008572626903855	0.0124581423386755	0.0158185503355665	all_matched.all_matched	SCENIC+ (importance)	#c5c1a5	0.003	25
all_matched	250	389165	0.0024121397442173	19097	165692370	0.0130910614232602	5.5737000836035	all_matched	ScenicPlus	0.0628327772745957	4.92788130837951	6.30415602119636	6.86229409556922e-101	6.86229409556922e-101	0.0131930265431129	0.0008255821049015	0.0114729502313724	0.014709172615148	all_matched.all_matched	SCENIC+ (importance)	#c5c1a5	0.003	25
all_matched	233	357008	0.003	19097	165692370	0.0122008692464785	5.66259283127868	all_matched	ScenicPlus	0.0651140939486923	4.98413867778707	6.43339996050939	1.63232060184862e-95	1.63232060184862e-95	0.0123030207842521	0.0007976083453052	0.0106375856159116	0.0137641528770454	all_matched.all_matched	SCENIC+ (importance)	#c5c1a5	0.003	25
all_matched	233	354218	0.0030593128762066	19097	165692370	0.0122008692464785	5.70719427445567	all_matched	ScenicPlus	0.0651141160112383	5.02339605592018	6.48407295060732	3.57497666365836e-96	3.57497666365836e-96	0.0123030207842521	0.0007976083453052	0.0106375856159116	0.0137641528770454	all_matched.all_matched	SCENIC+ (importance)	#c5c1a5	0.003	25
all_matched	224	324963	0.0037106999754718	19097	165692370	0.0117295910352411	5.98069237962432	all_matched	ScenicPlus	0.0664253677099692	5.25061396476142	6.8122854926589	2.3566628989995498e-96	2.3566628989995498e-96	0.0118318412648552	0.0007823724388108	0.0101961692326752	0.0132630128378071	all_matched.all_matched	SCENIC+ (importance)	#c5c1a5	0.003	25
all_matched	213	288817	0.0047504108669808	19097	165692370	0.0111535843326177	6.39873630037807	all_matched	ScenicPlus	0.0681391403714654	5.59878862142101	7.31297946936675	5.06240026988872e-97	5.06240026988872e-97	0.0112559551855924	0.0007633172302474	0.0096575100525538	0.0126496586126815	all_matched.all_matched	SCENIC+ (importance)	#c5c1a5	0.003	25
all_matched	204	275487	0.0052577102899159	19097	165692370	0.0106823061213803	6.42490069700935	all_matched	ScenicPlus	0.0696426685418561	5.60514010595668	7.36455256891132	2.46999957611547e-93	2.46999957611547e-93	0.0107847756661955	0.0007473480426864	0.0092175308737984	0.0121470813689622	all_matched.all_matched	SCENIC+ (importance)	#c5c1a5	0.003	25
all_matched	195	224960	0.0064602555772244	17367	146199150	0.011228191397478	7.29708409649979	all_matched	ScenicPlus	0.0712127571468194	6.34648039206223	8.39007339847589	1.2319306348660601e-98	1.2319306348660601e-98	0.011340740314317	0.0008033996014103	0.0096535571135197	0.0128028256814362	all_matched.all_matched	SCENIC+ (importance)	#c5c1a5	0.003	25
all_matched	170	194204	0.0083729643847468	17367	146199150	0.0097886796798525	7.36903796428869	all_matched	ScenicPlus	0.0763253393999547	6.34515955442342	8.55813318063403	6.03162272039009e-87	6.03162272039009e-87	0.0099015600713833	0.0007512398049733	0.0083162767183519	0.0112610826413532	all_matched.all_matched	SCENIC+ (importance)	#c5c1a5	0.003	25
all_matched	159	168528	0.0105154205798319	17367	146199150	0.0091552945240974	7.94227830047647	all_matched	ScenicPlus	0.0789472196823428	6.80369921484357	9.27139525283522	5.0445858661106796e-86	5.0445858661106796e-86	0.0092683207644925	0.0007270531204667	0.0077302965931352	0.0105802924550596	all_matched.all_matched	SCENIC+ (importance)	#c5c1a5	0.003	25
all_matched	402	1077349	-1.0	19097	165692370	0.0210504267686024	3.23747931338979	all_matched	Signac	0.0493486469733505	2.9390119885827	3.56625707732524	4.2322459849531003e-88	4.2322459849531003e-88	0.0211507250929271	0.0010411001036093	0.0190099080612272	0.0230909454759776	all_matched.all_matched	Signac (p-value)	#916953	-0.05	47
all_matched	402	1076935	-0.991706394342804	19097	165692370	0.0210504267686024	3.23872387915814	all_matched	Signac	0.0493486473301749	2.94014181419785	3.56762803575545	3.79890519855695e-88	3.79890519855695e-88	0.0211507250929271	0.0010411001036093	0.0190099080612272	0.0230909454759776	all_matched.all_matched	Signac (p-value)	#916953	-0.05	47
all_matched	402	1075947	-0.958333333333333	19097	165692370	0.0210504267686024	3.24169787247994	all_matched	Signac	0.0493486481828362	2.94284162638273	3.57090405485323	2.93493494006586e-88	2.93493494006586e-88	0.0211507250929271	0.0010411001036093	0.0190099080612272	0.0230909454759776	all_matched.all_matched	Signac (p-value)	#916953	-0.05	47
all_matched	402	1075918	-0.956421734229782	19097	165692370	0.0210504267686024	3.24178524831927	all_matched	Signac	0.0493486482078874	2.94292094678791	3.57100030420145	2.91277566772422e-88	2.91277566772422e-88	0.0211507250929271	0.0010411001036093	0.0190099080612272	0.0230909454759776	all_matched.all_matched	Signac (p-value)	#916953	-0.05	47
all_matched	402	1074767	-0.917632544397186	19097	165692370	0.0210504267686024	3.24525697272169	all_matched	Signac	0.0493486492032511	2.94607260275856	3.5748246017893	2.15559932383987e-88	2.15559932383987e-88	0.0211507250929271	0.0010411001036093	0.0190099080612272	0.0230909454759776	all_matched.all_matched	Signac (p-value)	#916953	-0.05	47
all_matched	402	1074747	-0.916666666666667	19097	165692370	0.0210504267686024	3.24531736380857	all_matched	Signac	0.0493486492205656	2.94612742621432	3.57489112593165	2.1443442981117702e-88	2.1443442981117702e-88	0.0211507250929271	0.0010411001036093	0.0190099080612272	0.0230909454759776	all_matched.all_matched	Signac (p-value)	#916953	-0.05	47
all_matched	402	1073371	-0.879006232598596	19097	165692370	0.0210504267686024	3.249477674356	all_matched	Signac	0.0493486504133511	2.94990418554184	3.57947393948951	1.49530723792762e-88	1.49530723792762e-88	0.0211507250929271	0.0010411001036093	0.0190099080612272	0.0230909454759776	all_matched.all_matched	Signac (p-value)	#916953	-0.05	47
all_matched	402	1073248	-0.875	19097	165692370	0.0210504267686024	3.24985008199519	all_matched	Signac	0.0493486505201225	2.95024225982869	3.5798841672268	1.4478422165323302e-88	1.4478422165323302e-88	0.0211507250929271	0.0010411001036093	0.0190099080612272	0.0230909454759776	all_matched.all_matched	Signac (p-value)	#916953	-0.05	47
all_matched	402	1071519	-0.838017380437462	19097	165692370	0.0210504267686024	3.25509403081156	all_matched	Signac	0.0493486520235934	2.95500275361072	3.58566066866714	9.19499247814186e-89	9.19499247814186e-89	0.0211507250929271	0.0010411001036093	0.0190099080612272	0.0230909454759776	all_matched.all_matched	Signac (p-value)	#916953	-0.05	47
all_matched	402	1071251	-0.833333333333333	19097	165692370	0.0210504267686024	3.2559083732955	all_matched	Signac	0.0493486522570702	2.95574201946814	3.58655771223337	8.56936576039174e-89	8.56936576039174e-89	0.0211507250929271	0.0010411001036093	0.0190099080612272	0.0230909454759776	all_matched.all_matched	Signac (p-value)	#916953	-0.05	47
all_matched	402	1068971	-0.791666666666667	19097	165692370	0.0210504267686024	3.26285287514925	all_matched	Signac	0.0493486542480996	2.96204628726234	3.59420746753741	4.70060012683544e-89	4.70060012683544e-89	0.0211507250929271	0.0010411001036093	0.0190099080612272	0.0230909454759776	all_matched.all_matched	Signac (p-value)	#916953	-0.05	47
all_matched	402	1068850	-0.789379654357517	19097	165692370	0.0210504267686024	3.26322224896026	all_matched	Signac	0.0493486543540013	2.96238160741347	3.59461435335025	4.55292617461534e-89	4.55292617461534e-89	0.0211507250929271	0.0010411001036093	0.0190099080612272	0.0230909454759776	all_matched.all_matched	Signac (p-value)	#916953	-0.05	47
all_matched	402	1066200	-0.75	19097	165692370	0.0210504267686024	3.27133286512959	all_matched	Signac	0.0493486566793626	2.96974448194794	3.60354864855494	2.26007075211211e-89	2.26007075211211e-89	0.0211507250929271	0.0010411001036093	0.0190099080612272	0.0230909454759776	all_matched.all_matched	Signac (p-value)	#916953	-0.05	47
all_matched	402	1065702	-0.742216880633856	19097	165692370	0.0210504267686024	3.27286155116644	all_matched	Signac	0.0493486571176458	2.97113223390117	3.6052325813311	1.98080008257938e-89	1.98080008257938e-89	0.0211507250929271	0.0010411001036093	0.0190099080612272	0.0230909454759776	all_matched.all_matched	Signac (p-value)	#916953	-0.05	47
all_matched	402	1063300	-0.708333333333333	19097	165692370	0.0210504267686024	3.28025496172404	all_matched	Signac	0.04934865923738	2.97784402405535	3.61337683471469	1.04717133503874e-89	1.04717133503874e-89	0.0211507250929271	0.0010411001036093	0.0190099080612272	0.0230909454759776	all_matched.all_matched	Signac (p-value)	#916953	-0.05	47
all_matched	402	1061692	-0.688583989034746	19097	165692370	0.0210504267686024	3.28522311630979	all_matched	Signac	0.0493486606617791	2.98235414973303	3.61884953364856	6.8265526717068e-90	6.8265526717068e-90	0.0211507250929271	0.0010411001036093	0.0190099080612272	0.0230909454759776	all_matched.all_matched	Signac (p-value)	#916953	-0.05	47
all_matched	402	1059585	-0.666666666666667	19097	165692370	0.0210504267686024	3.29175582968915	all_matched	Signac	0.0493486625347464	2.98828459284992	3.62604568126443	3.89146791733031e-90	3.89146791733031e-90	0.0211507250929271	0.0010411001036093	0.0190099080612272	0.0230909454759776	all_matched.all_matched	Signac (p-value)	#916953	-0.05	47
all_matched	401	1055980	-0.625	19097	165692370	0.0209980625229094	3.29477712156388	all_matched	Signac	0.0494114797102103	2.99065911708205	3.62982067022484	4.98512793063711e-90	4.98512793063711e-90	0.0210983718129941	0.0010398386215781	0.0189600162748825	0.0230361087709362	all_matched.all_matched	Signac (p-value)	#916953	-0.05	47
all_matched	401	1055980	-0.624999896592068	19097	165692370	0.0209980625229094	3.29477712156388	all_matched	Signac	0.0494114797102103	2.99065911708205	3.62982067022484	4.98512793063711e-90	4.98512793063711e-90	0.0210983718129941	0.0010398386215781	0.0189600162748825	0.0230361087709362	all_matched.all_matched	Signac (p-value)	#916953	-0.05	47
all_matched	401	1051595	-0.583333333333333	19097	165692370	0.0209980625229094	3.30851586858917	all_matched	Signac	0.0494114836590126	3.00312971249801	3.64495652890106	1.53743155904412e-90	1.53743155904412e-90	0.0210983718129941	0.0010398386215781	0.0189600162748825	0.0230361087709362	all_matched.all_matched	Signac (p-value)	#916953	-0.05	47
all_matched	401	1051316	-0.581326794323638	19097	165692370	0.0209980625229094	3.30939388806889	all_matched	Signac	0.0494114839113737	3.0039266866026	3.64592383536976	1.42622468346374e-90	1.42622468346374e-90	0.0210983718129941	0.0010398386215781	0.0189600162748825	0.0230361087709362	all_matched.all_matched	Signac (p-value)	#916953	-0.05	47
all_matched	399	1046085	-0.541666666666667	19097	165692370	0.0208933340315233	3.30935443380294	all_matched	Signac	0.0495378191940549	3.00314716492447	3.64678324673663	3.97229961775517e-90	3.97229961775517e-90	0.0209936652531281	0.0010373106402354	0.0188602425358816	0.022926425527165	all_matched.all_matched	Signac (p-value)	#916953	-0.05	47
all_matched	399	1042302	-0.513052282885917	19097	165692370	0.0208933340315233	3.32136562424782	all_matched	Signac	0.049537822663626	3.01404696590504	3.66001914858105	1.43118160227399e-90	1.43118160227399e-90	0.0209936652531281	0.0010373106402354	0.0188602425358816	0.022926425527165	all_matched.all_matched	Signac (p-value)	#916953	-0.05	47
all_matched	399	1040136	-0.5	19097	165692370	0.0208933340315233	3.32828210242194	all_matched	Signac	0.0495378246615307	3.02032346573431	3.66764085998617	7.95831204131923e-91	7.95831204131923e-91	0.0209936652531281	0.0010373106402354	0.0188602425358816	0.022926425527165	all_matched.all_matched	Signac (p-value)	#916953	-0.05	47
all_matched	397	1032311	-0.458333333333333	19097	165692370	0.0207886055401372	3.33670116945423	all_matched	Signac	0.0496651091085729	3.02720823425206	3.67783575912081	1.09496220745423e-90	1.09496220745423e-90	0.0208889586932621	0.0010347759283146	0.0187604819885715	0.0228167290917029	all_matched.all_matched	Signac (p-value)	#916953	-0.05	47
all_matched	397	1032090	-0.457357231864449	19097	165692370	0.0207886055401372	3.33741565264702	all_matched	Signac	0.0496651093159993	3.027856444921	3.67862329048561	1.03099917247404e-90	1.03099917247404e-90	0.0208889586932621	0.0010347759283146	0.0187604819885715	0.0228167290917029	all_matched.all_matched	Signac (p-value)	#916953	-0.05	47
all_matched	397	1023353	-0.416666666666667	19097	165692370	0.0207886055401372	3.36590924240263	all_matched	Signac	0.0496651175881664	3.0537070859929	3.71003004186559	9.406270327436179e-92	9.406270327436179e-92	0.0208889586932621	0.0010347759283146	0.0187604819885715	0.0228167290917029	all_matched.all_matched	Signac (p-value)	#916953	-0.05	47
all_matched	396	1019002	-0.400379219974425	19097	165692370	0.0207362412944442	3.3717666549902	all_matched	Signac	0.0497291190543811	3.0586374977782	3.71695252672541	9.721036643944038e-92	9.721036643944038e-92	0.0208366054133291	0.0010335060329172	0.0187106066921215	0.0227618758967668	all_matched.all_matched	Signac (p-value)	#916953	-0.05	47
all_matched	396	1012008	-0.375	19097	165692370	0.0207362412944442	3.39506897669615	all_matched	Signac	0.0497291258365195	3.07977573900672	3.74264048207684	1.3936630533379299e-92	1.3936630533379299e-92	0.0208366054133291	0.0010335060329172	0.0187106066921215	0.0227618758967668	all_matched.all_matched	Signac (p-value)	#916953	-0.05	47
all_matched	396	1001920	-0.341763631724411	19097	165692370	0.0207362412944442	3.4292527995931	all_matched	Signac	0.0497291357857177	3.11078491826066	3.78032396083892	8.182438493664179e-94	8.182438493664179e-94	0.0208366054133291	0.0010335060329172	0.0187106066921215	0.0227618758967668	all_matched.all_matched	Signac (p-value)	#916953	-0.05	47
all_matched	396	998937	-0.333333333333333	19097	165692370	0.0207362412944442	3.43949314618271	all_matched	Signac	0.0497291387661695	3.12007424602046	3.79161268925787	3.51124791326132e-94	3.51124791326132e-94	0.0208366054133291	0.0010335060329172	0.0187106066921215	0.0227618758967668	all_matched.all_matched	Signac (p-value)	#916953	-0.05	47
all_matched	392	982651	-0.291666666666667	19097	165692370	0.020526784311672	3.46117954500606	all_matched	Signac	0.0499875714383383	3.13815673424261	3.81745236369135	5.14775712156659e-94	5.14775712156659e-94	0.0206271922935972	0.0010284093753158	0.0185111389746896	0.0225424296486544	all_matched.all_matched	Signac (p-value)	#916953	-0.05	47
all_matched	392	981338	-0.288256814066949	19097	165692370	0.020526784311672	3.46581049656668	all_matched	Signac	0.0499875727999297	3.1423554828518	3.82256000750449	3.53162397747663e-94	3.53162397747663e-94	0.0206271922935972	0.0010284093753158	0.0185111389746896	0.0225424296486544	all_matched.all_matched	Signac (p-value)	#916953	-0.05	47
all_matched	384	962057	-0.25	19097	165692370	0.0201078703461277	3.46312192864104	all_matched	Signac	0.0505164015704384	3.13666503913949	3.82355570103355	3.37328543305018e-92	3.37328543305018e-92	0.0202083660541333	0.0010181327586327	0.0181123668077271	0.0221033738845282	all_matched.all_matched	Signac (p-value)	#916953	-0.05	47
all_matched	380	946547	-0.224762634464113	19097	165692370	0.0198984133633555	3.48320291481991	all_matched	Signac	0.0507870199719384	3.15318016041023	3.84776699350775	6.0763765791062496e-92	6.0763765791062496e-92	0.0199989529344013	0.0010129519544398	0.0179130640145839	0.0218837627121271	all_matched.all_matched	Signac (p-value)	#916953	-0.05	47
all_matched	380	935346	-0.208333333333333	19097	165692370	0.0198984133633555	3.52491513238314	all_matched	Signac	0.0507870326234471	3.19094019463104	3.8938450527558	2.31678802712814e-93	2.31678802712814e-93	0.0199989529344013	0.0010129519544398	0.0179130640145839	0.0218837627121271	all_matched.all_matched	Signac (p-value)	#916953	-0.05	47
all_matched	376	901529	-0.166666666666667	19097	165692370	0.0196889563805833	3.6186410481809	all_matched	Signac	0.0510619514255388	3.2740212469497	3.99953514283986	1.62849022581623e-95	1.62849022581623e-95	0.0197895398146694	0.001007742237886	0.0177138178886268	0.0216640948725398	all_matched.all_matched	Signac (p-value)	#916953	-0.05	47
all_matched	376	897764	-0.162936746689046	19097	165692370	0.0196889563805833	3.63381673304507	all_matched	Signac	0.0510619560773608	3.28775165169261	4.01630823987582	5.14972732937697e-96	5.14972732937697e-96	0.0197895398146694	0.001007742237886	0.0177138178886268	0.0216640948725398	all_matched.all_matched	Signac (p-value)	#916953	-0.05	47
all_matched	373	853339	-0.125	19097	165692370	0.0195318636435042	3.79249135174772	all_matched	Signac	0.0512710488214666	3.42990904297008	4.19340293660572	2.26328208518378e-100	2.26328208518378e-100	0.0196324799748704	0.0010038157060297	0.0175644210125703	0.0214993062744382	all_matched.all_matched	Signac (p-value)	#916953	-0.05	47
all_matched	371	829673	-0.109079395627057	19097	165692370	0.0194271351521181	3.87975511516557	all_matched	Signac	0.0514118357464941	3.50786184380001	4.29107542540708	1.40360791532615e-102	1.40360791532615e-102	0.0195277734150045	0.0010011887463612	0.0174648412675233	0.0213894290367129	all_matched.all_matched	Signac (p-value)	#916953	-0.05	47
all_matched	363	783779	-0.0833333333333334	19097	165692370	0.0190082211865738	4.01837407979498	all_matched	Signac	0.0519864282064229	3.6291041822939	4.44939837328165	1.40841244374809e-104	1.40841244374809e-104	0.0191089471755406	0.0009906054527652	0.017066670176265	0.0209497721968826	all_matched.all_matched	Signac (p-value)	#916953	-0.05	47
all_matched	353	732949	-0.0619183413556624	19097	165692370	0.0184845787296434	4.17867226528204	all_matched	Signac	0.0527317759525221	3.76836482702494	4.63365483496	2.5371634244896603e-106	2.5371634244896603e-106	0.0185854143762107	0.0009772019523927	0.0165692980973314	0.0203998593619554	all_matched.all_matched	Signac (p-value)	#916953	-0.05	47
all_matched	347	699894	-0.05	19097	165692370	0.0181703932554852	4.30164499528979	all_matched	Signac	0.0531942806820299	3.87574782881606	4.77434303850315	6.45756190996476e-108	1.2915123819929499e-107	0.0182712946966127	0.0009690637626227	0.0162710631820217	0.0200697233289487	all_matched.all_matched	Signac (p-value)	#916953	-0.05	47
all_matched	325	670832	-0.0416666666666667	19097	165692370	0.0170183798502383	4.2034603163627	all_matched	Signac	0.0549974738794913	3.77392284490594	4.68188655607675	1.1086792461685401e-98	1.1086792461685401e-98	0.017119522538087	0.0009385731502981	0.0151788102787976	0.0188579494216789	all_matched.all_matched	Signac (p-value)	#916953	-0.05	47
all_matched	315	616029	-0.028854990731728	19097	165692370	0.0164947373933079	4.43656407608213	all_matched	Signac	0.0558786154744716	3.97633343137603	4.95006295142887	1.97751345302583e-101	1.97751345302583e-101	0.0165959897387571	0.0009243565309169	0.0146830318838363	0.0183064429027794	all_matched.all_matched	Signac (p-value)	#916953	-0.05	47
all_matched	266	487233	-0.0103377987987747	19097	165692370	0.0139288893543489	4.73677006399368	all_matched	Signac	0.0608874654015873	4.20392344595784	5.33715490483546	6.047427547315009e-92	6.047427547315009e-92	0.0140306790220407	0.0008510263228719	0.0122609084116243	0.0155968702970734	all_matched.all_matched	Signac (p-value)	#916953	-0.05	47
all_matched	227	320194	-0.0013200134029081	19097	165692370	0.0118866837723203	6.15106093704531	all_matched	Signac	0.0659797955109123	5.40490326773769	7.00022715986207	6.0682727314519e-100	6.0682727314519e-100	0.0119889011046542	0.0007874854680482	0.010343240616597	0.0134301269280435	all_matched.all_matched	Signac (p-value)	#916953	-0.05	47
all_matched	402	1077349	-0.999759903754032	19097	165692370	0.0210504267686024	3.23747931338979	all_matched	SnapATAC	0.0493486469733505	2.9390119885827	3.56625707732524	4.2322459849531003e-88	4.2322459849531003e-88	0.0211507250929271	0.0010411001036093	0.0190099080612272	0.0230909454759776	all_matched.all_matched	SnapATAC (p-value)	#5e5948	-5e-08	47
all_matched	402	1075306	-0.958103241097614	19097	165692370	0.0210504267686024	3.24363027901004	all_matched	SnapATAC	0.0493486487368685	2.94459587870182	3.57303270815865	2.48208467760435e-88	2.48208467760435e-88	0.0211507250929271	0.0010411001036093	0.0190099080612272	0.0230909454759776	all_matched.all_matched	SnapATAC (p-value)	#5e5948	-5e-08	47
all_matched	402	1074904	-0.934809329536346	19097	165692370	0.0210504267686024	3.2448433541983	all_matched	SnapATAC	0.0493486490846643	2.94569711693784	3.57436897797224	2.23429250399545e-88	2.23429250399545e-88	0.0211507250929271	0.0010411001036093	0.0190099080612272	0.0230909454759776	all_matched.all_matched	SnapATAC (p-value)	#5e5948	-5e-08	47
all_matched	402	1074370	-0.916446578441196	19097	165692370	0.0210504267686024	3.24645615644626	all_matched	SnapATAC	0.0493486495470641	2.94716123022361	3.57614556938515	1.94279638317699e-88	1.94279638317699e-88	0.0211507250929271	0.0010411001036093	0.0190099080612272	0.0230909454759776	all_matched.all_matched	SnapATAC (p-value)	#5e5948	-5e-08	47
all_matched	402	1073450	-0.874789915784778	19097	165692370	0.0210504267686024	3.2492385307198	all_matched	SnapATAC	0.0493486503447872	2.94968708925869	3.57921050946713	1.52660612564954e-88	1.52660612564954e-88	0.0211507250929271	0.0010411001036093	0.0190099080612272	0.0230909454759776	all_matched.all_matched	SnapATAC (p-value)	#5e5948	-5e-08	47
all_matched	402	1072801	-0.84614158966543	19097	165692370	0.0210504267686024	3.25120418493381	all_matched	SnapATAC	0.0493486509083518	2.95147152404528	3.58137578696454	1.28762787825916e-88	1.28762787825916e-88	0.0211507250929271	0.0010411001036093	0.0190099080612272	0.0230909454759776	all_matched.all_matched	SnapATAC (p-value)	#5e5948	-5e-08	47
all_matched	402	1072481	-0.83313325312836	19097	165692370	0.0210504267686024	3.25217425837956	all_matched	SnapATAC	0.0493486511864775	2.95235216357332	3.58244437684746	1.18388935294893e-88	1.18388935294893e-88	0.0211507250929271	0.0010411001036093	0.0190099080612272	0.0230909454759776	all_matched.all_matched	SnapATAC (p-value)	#5e5948	-5e-08	47
all_matched	402	1071238	-0.791476590471942	19097	165692370	0.0210504267686024	3.25594788534497	all_matched	SnapATAC	0.0493486522683985	2.95577788878565	3.58660123695483	8.54011938440927e-89	8.54011938440927e-89	0.0211507250929271	0.0010411001036093	0.0190099080612272	0.0230909454759776	all_matched.all_matched	SnapATAC (p-value)	#5e5948	-5e-08	47
all_matched	402	1070348	-0.761021281901304	19097	165692370	0.0210504267686024	3.25865522316216	all_matched	SnapATAC	0.0493486530446082	2.95823562916909	3.58958352023658	6.7570183783296e-89	6.7570183783296e-89	0.0211507250929271	0.0010411001036093	0.0190099080612272	0.0230909454759776	all_matched.all_matched	SnapATAC (p-value)	#5e5948	-5e-08	47
all_matched	402	1069995	-0.749819927815524	19097	165692370	0.0210504267686024	3.25973027986222	all_matched	SnapATAC	0.0493486533528332	2.9592115732289	3.59076775502617	6.15716596310428e-89	6.15716596310428e-89	0.0211507250929271	0.0010411001036093	0.0190099080612272	0.0230909454759776	all_matched.all_matched	SnapATAC (p-value)	#5e5948	-5e-08	47
all_matched	402	1068606	-0.708163265159106	19097	165692370	0.0210504267686024	3.26396735635133	all_matched	SnapATAC	0.0493486545676279	2.96305802115854	3.59543513061606	4.26903036047607e-89	4.26903036047607e-89	0.0211507250929271	0.0010411001036093	0.0190099080612272	0.0230909454759776	all_matched.all_matched	SnapATAC (p-value)	#5e5948	-5e-08	47
all_matched	402	1068062	-0.692502222051663	19097	165692370	0.0210504267686024	3.26562980501242	all_matched	SnapATAC	0.0493486550442617	2.96456720377674	3.59726641035477	3.6979093235384e-89	3.6979093235384e-89	0.0211507250929271	0.0010411001036093	0.0190099080612272	0.0230909454759776	all_matched.all_matched	SnapATAC (p-value)	#5e5948	-5e-08	47
all_matched	402	1066962	-0.666506602502688	19097	165692370	0.0210504267686024	3.26899655358033	all_matched	SnapATAC	0.0493486560095283	2.96762356186053	3.60097507131947	2.76500220866193e-89	2.76500220866193e-89	0.0211507250929271	0.0010411001036093	0.0190099080612272	0.0230909454759776	all_matched.all_matched	SnapATAC (p-value)	#5e5948	-5e-08	47
all_matched	402	1065420	-0.628961721792177	19097	165692370	0.0210504267686024	3.2737278263982	all_matched	SnapATAC	0.049348657366012	2.97191864465808	3.60618683172834	1.83817659067582e-89	1.83817659067582e-89	0.0211507250929271	0.0010411001036093	0.0190099080612272	0.0230909454759776	all_matched.all_matched	SnapATAC (p-value)	#5e5948	-5e-08	47
all_matched	402	1065206	-0.62484993984627	19097	165692370	0.0210504267686024	3.27438551867073	all_matched	SnapATAC	0.0493486575545762	2.97251570233494	3.60691131638385	1.73680584086639e-89	1.73680584086639e-89	0.0211507250929271	0.0010411001036093	0.0190099080612272	0.0230909454759776	all_matched.all_matched	SnapATAC (p-value)	#5e5948	-5e-08	47
all_matched	402	1062904	-0.583193277189852	19097	165692370	0.0210504267686024	3.2814770673562	all_matched	SnapATAC	0.0493486595877649	2.97895346014654	3.6147230521201	9.42527978889626e-90	9.42527978889626e-90	0.0211507250929271	0.0010411001036093	0.0190099080612272	0.0230909454759776	all_matched.all_matched	SnapATAC (p-value)	#5e5948	-5e-08	47
all_matched	402	1061261	-0.557753615133945	19097	165692370	0.0210504267686024	3.28655731323508	all_matched	SnapATAC	0.0493486610443012	2.98356534308192	3.62031922586333	6.0859440409691e-90	6.0859440409691e-90	0.0211507250929271	0.0010411001036093	0.0190099080612272	0.0230909454759776	all_matched.all_matched	SnapATAC (p-value)	#5e5948	-5e-08	47
all_matched	402	1060260	-0.541536614533434	19097	165692370	0.0210504267686024	3.2896601784479	all_matched	SnapATAC	0.0493486619339109	2.98638214592988	3.62373720470266	4.65998958650753e-90	4.65998958650753e-90	0.0211507250929271	0.0010411001036093	0.0190099080612272	0.0230909454759776	all_matched.all_matched	SnapATAC (p-value)	#5e5948	-5e-08	47
all_matched	402	1057635	-0.499879951877016	19097	165692370	0.0210504267686024	3.29782495927345	all_matched	SnapATAC	0.0493486642748015	2.99379419130063	3.63273116555887	2.3099154189574898e-90	2.3099154189574898e-90	0.0211507250929271	0.0010411001036093	0.0190099080612272	0.0230909454759776	all_matched.all_matched	SnapATAC (p-value)	#5e5948	-5e-08	47
all_matched	402	1056946	-0.491373119428719	19097	165692370	0.0210504267686024	3.29997473929716	all_matched	SnapATAC	0.049348664891156	2.99574577669172	3.63509926801108	1.92051476131067e-90	1.92051476131067e-90	0.0211507250929271	0.0010411001036093	0.0190099080612272	0.0230909454759776	all_matched.all_matched	SnapATAC (p-value)	#5e5948	-5e-08	47
all_matched	402	1053872	-0.458223289220598	19097	165692370	0.0210504267686024	3.30960031275257	all_matched	SnapATAC	0.0493486676508644	3.00448393976184	3.64570237344659	8.40988455616264e-91	8.40988455616264e-91	0.0211507250929271	0.0010411001036093	0.0190099080612272	0.0230909454759776	all_matched.all_matched	SnapATAC (p-value)	#5e5948	-5e-08	47
all_matched	400	1049528	-0.41656662656418	19097	165692370	0.0209456982772163	3.30676493514884	all_matched	SnapATAC	0.0494745332045911	3.00116950362833	3.64347775862382	2.97369306628939e-90	2.97369306628939e-90	0.0210460185330611	0.0010385754691542	0.0189101277624473	0.0229812687919854	all_matched.all_matched	SnapATAC (p-value)	#5e5948	-5e-08	47
all_matched	400	1049508	-0.416165074216909	19097	165692370	0.0209456982772163	3.30682795067488	all_matched	SnapATAC	0.0494745332227484	3.00122669545343	3.64354719086374	2.95774573305868e-90	2.95774573305868e-90	0.0210460185330611	0.0010385754691542	0.0189101277624473	0.0229812687919854	all_matched.all_matched	SnapATAC (p-value)	#5e5948	-5e-08	47
all_matched	400	1044481	-0.374909963907762	19097	165692370	0.0209456982772163	3.32274343799159	all_matched	SnapATAC	0.0494745378086273	3.01567132229398	3.66108331272577	7.620228790311171e-91	7.620228790311171e-91	0.0210460185330611	0.0010385754691542	0.0189101277624473	0.0229812687919854	all_matched.all_matched	SnapATAC (p-value)	#5e5948	-5e-08	47
all_matched	400	1040203	-0.345298341667428	19097	165692370	0.0209456982772163	3.33640874796255	all_matched	SnapATAC	0.0494745417461415	3.02807372606369	3.67614012752308	2.38535660244063e-91	2.38535660244063e-91	0.0210460185330611	0.0010385754691542	0.0189101277624473	0.0229812687919854	all_matched.all_matched	SnapATAC (p-value)	#5e5948	-5e-08	47
all_matched	400	1038214	-0.333253301251344	19097	165692370	0.0209456982772163	3.34280060648083	all_matched	SnapATAC	0.0494745435878878	3.03387486847853	3.68318285331671	1.38685039380564e-91	1.38685039380564e-91	0.0210460185330611	0.0010385754691542	0.0189101277624473	0.0229812687919854	all_matched.all_matched	SnapATAC (p-value)	#5e5948	-5e-08	47
all_matched	400	1030610	-0.291596638594926	19097	165692370	0.0209456982772163	3.36746430643686	all_matched	SnapATAC	0.0494745506944715	3.05625922398381	3.71035799782222	1.7206637824245098e-92	1.7206637824245098e-92	0.0210460185330611	0.0010385754691542	0.0189101277624473	0.0229812687919854	all_matched.all_matched	SnapATAC (p-value)	#5e5948	-5e-08	47
all_matched	400	1029017	-0.284190570978617	19097	165692370	0.0209456982772163	3.3726774084946	all_matched	SnapATAC	0.0494745521965716	3.06099054685852	3.71610193747377	1.10822006907422e-92	1.10822006907422e-92	0.0210460185330611	0.0010385754691542	0.0189101277624473	0.0229812687919854	all_matched.all_matched	SnapATAC (p-value)	#5e5948	-5e-08	47
all_matched	400	1020468	-0.249939975938508	19097	165692370	0.0209456982772163	3.4009321104208	all_matched	SnapATAC	0.0494745603378645	3.08663403389064	3.74723374805536	1.0281570234356998e-93	1.0281570234356998e-93	0.0210460185330611	0.0010385754691542	0.0189101277624473	0.0229812687919854	all_matched.all_matched	SnapATAC (p-value)	#5e5948	-5e-08	47
all_matched	398	1013970	-0.226744002446661	19097	165692370	0.0208409697858302	3.40561325967495	all_matched	SnapATAC	0.0496013689797935	3.09011445980447	3.7533242944042	2.00700470000754e-93	2.00700470000754e-93	0.0209413119731951	0.0010360441286817	0.0188103606072198	0.0228715789644406	all_matched.all_matched	SnapATAC (p-value)	#5e5948	-5e-08	47
all_matched	396	1007630	-0.20828331328209	19097	165692370	0.0207362412944442	3.40982003807779	all_matched	SnapATAC	0.0497291301298144	3.09315687291379	3.75890172072784	4.0919875227738e-93	4.0919875227738e-93	0.0208366054133291	0.0010335060329172	0.0187106066921215	0.0227618758967668	all_matched.all_matched	SnapATAC (p-value)	#5e5948	-5e-08	47
all_matched	396	995160	-0.175922877668589	19097	165692370	0.0207362412944442	3.45254729387065	all_matched	SnapATAC	0.0497291425655779	3.13191605760618	3.80600328909341	1.1968311545807199e-94	1.1968311545807199e-94	0.0208366054133291	0.0010335060329172	0.0187106066921215	0.0227618758967668	all_matched.all_matched	SnapATAC (p-value)	#5e5948	-5e-08	47
all_matched	392	990688	-0.166626650625672	19097	165692370	0.020526784311672	3.43310057362131	all_matched	SnapATAC	0.0499875631825649	3.11269834999298	3.78648305211636	5.08954768874777e-93	5.08954768874777e-93	0.0206271922935972	0.0010284093753158	0.0185111389746896	0.0225424296486544	all_matched.all_matched	SnapATAC (p-value)	#5e5948	-5e-08	47
all_matched	390	967304	-0.126423283207875	19097	165692370	0.0204220558202859	3.49815448828441	all_matched	SnapATAC	0.050118273484392	3.1708685134537	3.85922177850756	7.69756055492249e-95	7.69756055492249e-95	0.0205224857337312	0.0010258507117988	0.0184114253716453	0.0224326862689265	all_matched.all_matched	SnapATAC (p-value)	#5e5948	-5e-08	47
all_matched	390	966453	-0.124969987969254	19097	165692370	0.0204220558202859	3.50123475133862	all_matched	SnapATAC	0.0501182743946948	3.17366058263097	3.86261998244904	6.00818572294409e-95	6.00818572294409e-95	0.0205224857337312	0.0010258507117988	0.0184114253716453	0.0224326862689265	all_matched.all_matched	SnapATAC (p-value)	#5e5948	-5e-08	47
all_matched	381	930096	-0.083313325312836	19097	165692370	0.0199507776090485	3.55414024507813	all_matched	SnapATAC	0.0507189916974908	3.21782541059172	3.92560542287506	1.35916064750289e-94	1.35916064750289e-94	0.0200513062143343	0.0010142498486728	0.0179628844343246	0.0219386707837725	all_matched.all_matched	SnapATAC (p-value)	#5e5948	-5e-08	47
all_matched	381	928535	-0.0820113457929882	19097	165692370	0.0199507776090485	3.56011526263004	all_matched	SnapATAC	0.0507189935049847	3.22323502343697	3.93220494039448	8.53850077515123e-95	8.53850077515123e-95	0.0200513062143343	0.0010142498486728	0.0179628844343246	0.0219386707837725	all_matched.all_matched	SnapATAC (p-value)	#5e5948	-5e-08	47
all_matched	378	874643	-0.0477520219743046	19097	165692370	0.0197936848719694	3.74971566395633	all_matched	SnapATAC	0.0509240044484813	3.39353041381461	4.14328614922135	2.59843465600222e-100	2.59843465600222e-100	0.0198942463745354	0.0010103507381027	0.0178134338135345	0.0217739359304043	all_matched.all_matched	SnapATAC (p-value)	#5e5948	-5e-08	47
all_matched	378	860779	-0.041656662656418	19097	165692370	0.0197936848719694	3.81010986265901	all_matched	SnapATAC	0.0509240228632413	3.44818764700766	4.21001948027082	2.92844818303714e-102	2.92844818303714e-102	0.0198942463745354	0.0010103507381027	0.0178134338135345	0.0217739359304043	all_matched.all_matched	SnapATAC (p-value)	#5e5948	-5e-08	47
all_matched	369	810475	-0.0256537260040634	19097	165692370	0.0193224066607321	3.95024566300069	all_matched	SnapATAC	0.0515537530098584	3.57060222119927	4.37025460450607	3.32415964885357e-104	3.32415964885357e-104	0.0194230668551385	0.0009985543010082	0.0173652761941482	0.0212795371273159	all_matched.all_matched	SnapATAC (p-value)	#5e5948	-5e-08	47
all_matched	351	723924	-0.0110295509116345	19097	165692370	0.0183798502382573	4.20679649551875	all_matched	SnapATAC	0.0528846297949195	3.79259112970264	4.66623903012093	1.62388179506183e-106	1.62388179506183e-106	0.0184807078163447	0.000974497362984	0.0164698705037793	0.0202898299727353	all_matched.all_matched	SnapATAC (p-value)	#5e5948	-5e-08	47
all_matched	321	623662	-0.0036689555676702	19097	165692370	0.0168089228674661	4.46573667636901	all_matched	SnapATAC	0.0553450753492685	4.00666744789657	4.97740436959324	4.87147121278669e-104	4.87147121278669e-104	0.0169101094183551	0.0009329143462373	0.0149804443481801	0.0186374013867521	all_matched.all_matched	SnapATAC (p-value)	#5e5948	-5e-08	47
all_matched	299	519460	-0.000896966748414	19097	165692370	0.0156569094622192	4.99409085525454	all_matched	SnapATAC	0.0573788949078975	4.46288231864658	5.5885281505923	1.37715652406478e-108	1.37715652406478e-108	0.0157583372598293	0.0009011104280212	0.0138907654772042	0.0174230534472342	all_matched.all_matched	SnapATAC (p-value)	#5e5948	-5e-08	47
all_matched	258	377222	-4.40357461867786e-05	19097	165692370	0.0135099753888045	5.93417096779269	all_matched	SnapATAC	0.0618379483234494	5.25682473235344	6.69879382857575	6.8527743765528e-110	6.8527743765528e-110	0.0136118527825768	0.0008384062205457	0.0118667293921205	0.0151532213854886	all_matched.all_matched	SnapATAC (p-value)	#5e5948	-5e-08	47
all_matched	229	239045	-1.63841836053398e-07	17367	146199150	0.0131859273334485	8.06447057295462	all_matched	SnapATAC	0.0656489154727125	7.09080273208147	9.17183682572425	4.09779818268949e-124	4.09779818268949e-124	0.0132980254447067	0.0008691088420117	0.0114825053044601	0.0148893493624369	all_matched.all_matched	SnapATAC (p-value)	#5e5948	-5e-08	47
all_matched	225	225160	-5e-08	17367	146199150	0.0129556054586284	8.41223354852921	all_matched	SnapATAC	0.0662378397319087	7.38804564736915	9.57840228020243	1.2266657227349399e-125	1.2266657227349399e-125	0.0130677566058373	0.0008616517555285	0.0112667990505768	0.0146444118666801	all_matched.all_matched	SnapATAC (p-value)	#5e5948	-5e-08	47
all_matched	187	146708	-8.41579552261763e-13	17367	146199150	0.0107675476478379	10.7302009004171	all_matched	SnapATAC	0.072739285758371	9.30447902084601	12.3743856163634	1.18591660872731e-122	1.18591660872731e-122	0.0108802026365782	0.0007871011175189	0.0092248578053095	0.0123102374903662	all_matched.all_matched	SnapATAC (p-value)	#5e5948	-5e-08	47
all_matched	4523	10573275	2e-06	19097	165692370	0.236843483269624	3.71154236147261	all_matched	scABC	0.0129896208574107	3.61824221531974	3.80724834912367	0.0	0.0	0.23689859169677	0.0030764107107223	0.230813829074955	0.242873137464292	all_matched.all_matched	ABC (A=scATAC, C=power law)	#0096a0	0.015	49
all_matched	4377	9897502	0.0007757916666666	19097	165692370	0.22919830339844	3.83696917566336	all_matched	scABC	0.0132704657874246	3.73845768537733	3.93807652620384	0.0	0.0	0.229255012826554	0.003041492307709	0.223237088016074	0.235159518780805	all_matched.all_matched	ABC (A=scATAC, C=power law)	#0096a0	0.015	49
all_matched	4192	8913205	0.0015495833333333	19097	165692370	0.219510917945227	4.08060672173704	all_matched	scABC	0.0136450822526044	3.97292187988687	4.19121032854531	0.0	0.0	0.219569656038951	0.0029951955506919	0.213640442539216	0.225381393351238	all_matched.all_matched	ABC (A=scATAC, C=power law)	#0096a0	0.015	49
all_matched	3962	8079583	0.002323375	19097	165692370	0.207467141435828	4.25464066173062	all_matched	scABC	0.0141434388854084	4.13831904165317	4.37423189905152	0.0	0.0	0.207528401654364	0.0029342868780693	0.201716044834503	0.213218238037152	all_matched.all_matched	ABC (A=scATAC, C=power law)	#0096a0	0.015	49
all_matched	3749	7382005	0.0030971666666666	19097	165692370	0.19631355710321	4.4063446908477	all_matched	scABC	0.014641630412871	4.28169264486348	4.53462570646073	0.0	0.0	0.196377153028637	0.0028743759146004	0.190679883832564	0.201947230373856	all_matched.all_matched	ABC (A=scATAC, C=power law)	#0096a0	0.015	49
all_matched	3542	6798761	0.0038709583333333	19097	165692370	0.185474158244751	4.52018431789671	all_matched	scABC	0.0151646431387676	4.38781164697093	4.6565504428305	0.0	0.0	0.185540024082509	0.0028127143286253	0.179961339461845	0.190986977027656	all_matched.all_matched	ABC (A=scATAC, C=power law)	#0096a0	0.015	49
all_matched	3403	6314538	0.00464475	19097	165692370	0.178195528093418	4.67581941437362	all_matched	scABC	0.0155402332358276	4.5355489594313	4.82042799921063	0.0	0.0	0.178262918171823	0.00276929292574	0.172767813696326	0.18362324249051	all_matched.all_matched	ABC (A=scATAC, C=power law)	#0096a0	0.015	49
all_matched	3235	5903505	0.0054225416666666	19097	165692370	0.169398334816987	4.75446562167392	all_matched	scABC	0.0160237324064263	4.6074675554938	4.90615355950272	0.0	0.0	0.169467567143082	0.0027145231104121	0.164077967285377	0.174718702348596	all_matched.all_matched	ABC (A=scATAC, C=power law)	#0096a0	0.015	49
all_matched	3098	5529725	0.0062253333333333	19097	165692370	0.16222443315704	4.86088382364342	all_matched	scABC	0.016444768153169	4.70670988057869	5.02010791964368	0.0	0.0	0.162295167792262	0.0026679043346311	0.156995436746965	0.167453429567116	all_matched.all_matched	ABC (A=scATAC, C=power law)	#0096a0	0.015	49
all_matched	2956	5193082	0.007061125	19097	165692370	0.154788710268629	4.93874509465716	all_matched	scABC	0.0169096734380513	4.7777461500495	5.10516932963202	0.0	0.0	0.154861002041778	0.0026176227188831	0.149658264014504	0.159919156522753	all_matched.all_matched	ABC (A=scATAC, C=power law)	#0096a0	0.015	49
all_matched	2822	4888056	0.0079369166666666	19097	165692370	0.147771901345761	5.00908266054754	all_matched	scABC	0.0173781836187113	4.84134310194893	5.18263394513341	0.0	0.0	0.147845662530758	0.0025682386120002	0.142738246162535	0.152805556528987	all_matched.all_matched	ABC (A=scATAC, C=power law)	#0096a0	0.015	49
all_matched	2685	4590919	0.0089187083333333	19097	165692370	0.140597999685815	5.07436872338673	all_matched	scABC	0.0178908583056986	4.89951729862157	5.25546015484621	0.0	0.0	0.140673263179938	0.002515688652991	0.135667340529636	0.145528658841993	all_matched.all_matched	ABC (A=scATAC, C=power law)	#0096a0	0.015	49
all_matched	2554	4302702	0.0100135	19097	165692370	0.133738283500026	5.15011570702578	all_matched	scABC	0.0184170239393383	4.96752872584179	5.33941387349682	0.0	0.0	0.133814983508717	0.0024633700313342	0.128910166958016	0.138566400042037	all_matched.all_matched	ABC (A=scATAC, C=power law)	#0096a0	0.015	49
all_matched	2467	4023935	0.011207875	19097	165692370	0.129182594124732	5.31931310602056	all_matched	scABC	0.018788174311717	5.12699662551216	5.51884348413348	0.0	0.0	0.129260248154547	0.0024274406828508	0.124424897811737	0.133940290437727	all_matched.all_matched	ABC (A=scATAC, C=power law)	#0096a0	0.015	49
all_matched	2329	3752964	0.0125670833333333	19097	165692370	0.121956328219092	5.38433970033265	all_matched	scABC	0.0194168662552202	5.18328137719504	5.59319703077108	0.0	0.0	0.122035495523795	0.0023683915950499	0.117314365991507	0.126598290446677	all_matched.all_matched	ABC (A=scATAC, C=power law)	#0096a0	0.015	49
all_matched	2223	3471090	0.0142055	19097	165692370	0.11640571817563	5.55662322961149	all_matched	scABC	0.0199371401213714	5.34367978712373	5.77805238073169	0.0	0.0	0.116486047850898	0.0023212162868553	0.111856217853065	0.120955218498194	all_matched.all_matched	ABC (A=scATAC, C=power law)	#0096a0	0.015	49
all_matched	2179	3353084	0.015	19097	165692370	0.114101691365136	5.63832569160149	all_matched	scABC	0.0201636715573197	5.41984430052054	5.86561436857516	0.0	0.0	0.114182503533846	0.0023011443107786	0.109591531392781	0.118611851337491	all_matched.all_matched	ABC (A=scATAC, C=power law)	#0096a0	0.015	49
all_matched	2109	3192037	0.0162043333333333	19097	165692370	0.110436194166623	5.73252589028509	all_matched	scABC	0.0205379342543027	5.50635368358626	5.96798806817402	0.0	0.0	0.110517773938537	0.0022685933214074	0.105989832961096	0.11488255537215	all_matched.all_matched	ABC (A=scATAC, C=power law)	#0096a0	0.015	49
all_matched	2019	2900917	0.018739375	19097	165692370	0.105723412054249	6.03862940847847	all_matched	scABC	0.0210462516987476	5.79460418569422	6.29293114152065	0.0	0.0	0.105805978744568	0.0022255785812413	0.101361358190253	0.110085465918246	all_matched.all_matched	ABC (A=scATAC, C=power law)	#0096a0	0.015	49
all_matched	1881	2626988	0.0216825	19097	165692370	0.0984971461486097	6.21252384236225	all_matched	scABC	0.0218925619312806	5.95159110435334	6.4848965285415	0.0	0.0	0.098581226113816	0.0021569116435077	0.0942696770094995	0.10272461528772	all_matched.all_matched	ABC (A=scATAC, C=power law)	#0096a0	0.015	49
all_matched	1757	2331796	0.0258375416666667	19097	165692370	0.0920039796826727	6.53760339371621	all_matched	scABC	0.0227333882627701	6.25270407703441	6.83548391335368	0.0	0.0	0.0920894194021255	0.0020921766644934	0.0879033887709705	0.0961045705943749	all_matched.all_matched	ABC (A=scATAC, C=power law)	#0096a0	0.015	49
all_matched	1558	2008497	0.0320118333333333	19097	165692370	0.0815834947897576	6.73028767511108	all_matched	scABC	0.024279789163327	6.41751117836397	7.05830826480925	0.0	0.0	0.081671116695461	0.0019815512835674	0.0776997256404463	0.0854672639390688	all_matched.all_matched	ABC (A=scATAC, C=power law)	#0096a0	0.015	49
all_matched	1349	1689090	0.0413625	19097	165692370	0.070639367439912	6.92941418540152	all_matched	scABC	0.0262479782249234	6.58194427694886	7.29522750914303	0.0	0.0	0.0707292811894665	0.0018549947991937	0.0670036444419832	0.0742750904378408	all_matched.all_matched	ABC (A=scATAC, C=power law)	#0096a0	0.015	49
all_matched	1333	1680921	0.0416685833333333	19097	165692370	0.0698015395088234	6.88050331387708	all_matched	scABC	0.0264169342180292	6.53332214918175	7.2461337082854	0.0	0.0	0.0698916287105387	0.0018448085589764	0.0661857811748584	0.0734172978427884	all_matched.all_matched	ABC (A=scATAC, C=power law)	#0096a0	0.015	49
all_matched	1066	1362221	0.0575310833333333	19097	165692370	0.0558202859087815	6.78964387298655	all_matched	scABC	0.0297618110081487	6.40491979969014	7.1974771525186	0.0	0.0	0.055913302968431	0.0016623997343573	0.0525620423015322	0.0590785295160308	all_matched.all_matched	ABC (A=scATAC, C=power law)	#0096a0	0.015	49
all_matched	849	1084228	0.0833351666666667	19097	165692370	0.0444572445933916	6.7939826497275	all_matched	scABC	0.0335492702759106	6.36161295530154	7.25573853189728	0.0	0.0	0.0445526412229726	0.0014928358554496	0.0415313400818802	0.047383149104903	all_matched.all_matched	ABC (A=scATAC, C=power law)	#0096a0	0.015	49
all_matched	791	1009441	0.0938636249999997	19097	165692370	0.0414201183431953	6.79881000867262	all_matched	scABC	0.0348127391996212	6.35038780763918	7.27889680665206	0.0	0.0	0.0415161509868593	0.0014433540948401	0.0385911963003702	0.0442490403860203	all_matched.all_matched	ABC (A=scATAC, C=power law)	#0096a0	0.015	49
all_matched	663	860616	0.12500175	19097	165692370	0.034717494894486	6.68407746257366	all_matched	scABC	0.0381578248061662	6.20242433608764	7.20313366271008	1.3599152778769503e-308	1.3599152778769503e-308	0.0348149311554369	0.0013263557225938	0.0321178854475135	0.0373171043414585	all_matched.all_matched	ABC (A=scATAC, C=power law)	#0096a0	0.015	49
all_matched	565	750824	0.166668333333333	19097	165692370	0.029585798816568	6.52901495458371	all_matched	scABC	0.0414446275701752	6.01963186403826	7.08150219813952	2.0375120220303002e-258	2.0375120220303002e-258	0.0296843097220041	0.0012279818615506	0.0271789985942603	0.0319925990388758	all_matched.all_matched	ABC (A=scATAC, C=power law)	#0096a0	0.015	49
all_matched	511	687117	0.208334916666667	19097	165692370	0.0267581295491438	6.4524933916126	all_matched	scABC	0.0436429767544925	5.92350281615863	7.02872476995026	1.5034556245199e-231	1.5034556245199e-231	0.0268572326056227	0.0011697440844465	0.0244654732724998	0.0290507858257879	all_matched.all_matched	ABC (A=scATAC, C=power law)	#0096a0	0.015	49
all_matched	466	649234	0.2500015	19097	165692370	0.024401738492957	6.22761882929464	all_matched	scABC	0.0457569546972257	5.69342537484483	6.81193371820424	3.66545590926183e-205	3.66545590926183e-205	0.0245013350086383	0.0011186137713054	0.0222092957885879	0.0265941811973261	all_matched.all_matched	ABC (A=scATAC, C=power law)	#0096a0	0.015	49
all_matched	446	625560	0.291668083333333	19097	165692370	0.0233544535790962	6.18590505079518	all_matched	scABC	0.0467967655812829	5.64377602780824	6.7801098252146	2.5975826831711097e-195	2.5975826831711097e-195	0.0234542694099785	0.0010950380123975	0.0212082185130947	0.0255006886450977	all_matched.all_matched	ABC (A=scATAC, C=power law)	#0096a0	0.015	49
all_matched	437	610786	0.333334666666667	19097	165692370	0.0228831753678588	6.20768576854438	all_matched	scABC	0.0472876256771984	5.65820170166737	6.81053179663652	5.8256294352568796e-192	5.8256294352568796e-192	0.0229830898905816	0.0010842444200905	0.0207580953540429	0.0250082553816748	all_matched.all_matched	ABC (A=scATAC, C=power law)	#0096a0	0.015	49
all_matched	422	601582	0.37500125	19097	165692370	0.0220977116824632	6.08632276272232	all_matched	scABC	0.0481400401095336	5.53832073773402	6.68854812247439	2.26335716077115e-182	2.26335716077115e-182	0.0221977906915868	0.0010659880368646	0.020008413522258	0.0241870098426684	all_matched.all_matched	ABC (A=scATAC, C=power law)	#0096a0	0.015	49
all_matched	400	594403	0.416667833333333	19097	165692370	0.0209456982772163	5.83870267959093	all_matched	scABC	0.0494752627556125	5.29911006995532	6.43324039897699	6.70529859720242e-167	6.70529859720242e-167	0.0210460185330611	0.0010385754691542	0.0189101277624473	0.0229812687919854	all_matched.all_matched	ABC (A=scATAC, C=power law)	#0096a0	0.015	49
all_matched	395	589766	0.458334416666667	19097	165692370	0.0206838770487511	5.81105151703587	all_matched	scABC	0.049794071740173	5.27071987150493	6.40677565055324	3.72689519335108e-164	3.72689519335108e-164	0.0207842521333962	0.0010322344362336	0.0186607347301311	0.0227070193673711	all_matched.all_matched	ABC (A=scATAC, C=power law)	#0096a0	0.015	49
all_matched	393	586678	0.500001	19097	165692370	0.020579148557365	5.8120602733559	all_matched	scABC	0.0499232871578301	5.27029991782293	6.40951087183589	2.34107539152298e-163	2.34107539152298e-163	0.0206795455735302	0.0010296861137876	0.0185610008589601	0.0225972962557699	all_matched.all_matched	ABC (A=scATAC, C=power law)	#0096a0	0.015	49
all_matched	391	584919	0.541667583333333	19097	165692370	0.020474420065979	5.79987175165725	all_matched	scABC	0.0500534819066226	5.25790565854607	6.39770176952425	3.08573244804294e-162	3.08573244804294e-162	0.0205748390136642	0.0010271309101381	0.0184612804747003	0.0224875596572576	all_matched.all_matched	ABC (A=scATAC, C=power law)	#0096a0	0.015	49
all_matched	391	583658	0.583334166666667	19097	165692370	0.020474420065979	5.81240244305331	all_matched	scABC	0.0500534856003166	5.26926538765232	6.41152412614851	1.52726215165763e-162	1.52726215165763e-162	0.0205748390136642	0.0010271309101381	0.0184612804747003	0.0224875596572576	all_matched.all_matched	ABC (A=scATAC, C=power law)	#0096a0	0.015	49
all_matched	391	583046	0.62500075	19097	165692370	0.020474420065979	5.81850348876008	all_matched	scABC	0.0500534873987326	5.2747963055847	6.41825406847827	1.08489132040241e-162	1.08489132040241e-162	0.0205748390136642	0.0010271309101381	0.0184612804747003	0.0224875596572576	all_matched.all_matched	ABC (A=scATAC, C=power law)	#0096a0	0.015	49
all_matched	390	582634	0.666667333333333	19097	165692370	0.0204220558202859	5.8077263412974	all_matched	scABC	0.050118956026594	5.26435067877451	6.40718814409445	5.11634086369443e-162	5.11634086369443e-162	0.0205224857337312	0.0010258507117988	0.0184114253716453	0.0224326862689265	all_matched.all_matched	ABC (A=scATAC, C=power law)	#0096a0	0.015	49
all_matched	390	581985	0.708333916666667	19097	165692370	0.0204220558202859	5.81420282161133	all_matched	scABC	0.0501189579405726	5.2702211944828	6.41433313771009	3.56121838727854e-162	3.56121838727854e-162	0.0205224857337312	0.0010258507117988	0.0184114253716453	0.0224326862689265	all_matched.all_matched	ABC (A=scATAC, C=power law)	#0096a0	0.015	49
all_matched	390	581863	0.7500005	19097	165692370	0.0204220558202859	5.81542189335886	all_matched	scABC	0.050118958300842	5.27132620514671	6.41567804412064	3.32655044819295e-162	3.32655044819295e-162	0.0205224857337312	0.0010258507117988	0.0184114253716453	0.0224326862689265	all_matched.all_matched	ABC (A=scATAC, C=power law)	#0096a0	0.015	49
all_matched	390	581504	0.791667083333333	19097	165692370	0.0204220558202859	5.81901212912631	all_matched	scABC	0.0501189593618557	5.27458052451387	6.4196388701526	2.72167300368427e-162	2.72167300368427e-162	0.0205224857337312	0.0010258507117988	0.0184114253716453	0.0224326862689265	all_matched.all_matched	ABC (A=scATAC, C=power law)	#0096a0	0.015	49
all_matched	390	581354	0.833333666666667	19097	165692370	0.0204220558202859	5.82051354103604	all_matched	scABC	0.0501189598055643	5.27594145849091	6.42129526036747	2.50264771836285e-162	2.50264771836285e-162	0.0205224857337312	0.0010258507117988	0.0184114253716453	0.0224326862689265	all_matched.all_matched	ABC (A=scATAC, C=power law)	#0096a0	0.015	49
all_matched	390	581242	0.87500025	19097	165692370	0.0204220558202859	5.82163510058713	all_matched	scABC	0.0501189601370161	5.27695808057053	6.42253258921548	2.35064278550188e-162	2.35064278550188e-162	0.0205224857337312	0.0010258507117988	0.0184114253716453	0.0224326862689265	all_matched.all_matched	ABC (A=scATAC, C=power law)	#0096a0	0.015	49
all_matched	390	581206	0.916666833333333	19097	165692370	0.0204220558202859	5.82199569367052	all_matched	scABC	0.0501189602435813	5.277284935163	6.42293040333459	2.30376531474488e-162	2.30376531474488e-162	0.0205224857337312	0.0010258507117988	0.0184114253716453	0.0224326862689265	all_matched.all_matched	ABC (A=scATAC, C=power law)	#0096a0	0.015	49
all_matched	390	581206	0.958333416666667	19097	165692370	0.0204220558202859	5.82199569367052	all_matched	scABC	0.0501189602435813	5.277284935163	6.42293040333459	2.30376531474488e-162	2.30376531474488e-162	0.0205224857337312	0.0010258507117988	0.0184114253716453	0.0224326862689265	all_matched.all_matched	ABC (A=scATAC, C=power law)	#0096a0	0.015	49
all_matched	390	581206	1.0	19097	165692370	0.0204220558202859	5.82199569367052	all_matched	scABC	0.0501189602435813	5.277284935163	6.42293040333459	2.30376531474488e-162	6.911295944234629e-162	0.0205224857337312	0.0010258507117988	0.0184114253716453	0.0224326862689265	all_matched.all_matched	ABC (A=scATAC, C=power law)	#0096a0	0.015	49
all_matched	4523	10573275	1.33493043631356e-05	19097	165692370	0.236843483269624	3.71154236147261	all_matched	scE2G_ATAC	0.0129896208574107	3.61824221531974	3.80724834912367	0.0	0.0	0.23689859169677	0.0030764107107223	0.230813829074955	0.242873137464292	all_matched.all_matched	scE2G (scATAC)	#006479	0.174	48
all_matched	4523	10573275	0.0001352539449285	19097	165692370	0.236843483269624	3.71154236147261	all_matched	scE2G_ATAC	0.0129896208574107	3.61824221531974	3.80724834912367	0.0	0.0	0.23689859169677	0.0030764107107223	0.230813829074955	0.242873137464292	all_matched.all_matched	scE2G (scATAC)	#006479	0.174	48
all_matched	4523	10573275	0.0002372307644166	19097	165692370	0.236843483269624	3.71154236147261	all_matched	scE2G_ATAC	0.0129896208574107	3.61824221531974	3.80724834912367	0.0	0.0	0.23689859169677	0.0030764107107223	0.230813829074955	0.242873137464292	all_matched.all_matched	scE2G (scATAC)	#006479	0.174	48
all_matched	4523	10573275	0.0003410776711911	19097	165692370	0.236843483269624	3.71154236147261	all_matched	scE2G_ATAC	0.0129896208574107	3.61824221531974	3.80724834912367	0.0	0.0	0.23689859169677	0.0030764107107223	0.230813829074955	0.242873137464292	all_matched.all_matched	scE2G (scATAC)	#006479	0.174	48
all_matched	4523	10573275	0.0004566534073909	19097	165692370	0.236843483269624	3.71154236147261	all_matched	scE2G_ATAC	0.0129896208574107	3.61824221531974	3.80724834912367	0.0	0.0	0.23689859169677	0.0030764107107223	0.230813829074955	0.242873137464292	all_matched.all_matched	scE2G (scATAC)	#006479	0.174	48
all_matched	4523	10573215	0.0005919752290928	19097	165692370	0.236843483269624	3.71156342342412	all_matched	scE2G_ATAC	0.0129896208579474	3.61826274781555	3.80726995418356	0.0	0.0	0.23689859169677	0.0030764107107223	0.230813829074955	0.242873137464292	all_matched.all_matched	scE2G (scATAC)	#006479	0.174	48
all_matched	4523	10573194	0.0007321631800238	19097	165692370	0.236843483269624	3.71157079516363	all_matched	scE2G_ATAC	0.0129896208581353	3.61826993424413	3.80727751601245	0.0	0.0	0.23689859169677	0.0030764107107223	0.230813829074955	0.242873137464292	all_matched.all_matched	scE2G (scATAC)	#006479	0.174	48
all_matched	4523	10573193	0.0008849763600545	19097	165692370	0.236843483269624	3.71157114619957	all_matched	scE2G_ATAC	0.0129896208581442	3.61827027645573	3.80727787610029	0.0	0.0	0.23689859169677	0.0030764107107223	0.230813829074955	0.242873137464292	all_matched.all_matched	scE2G (scATAC)	#006479	0.174	48
all_matched	4523	10573137	0.0010587896277509	19097	165692370	0.236843483269624	3.71159080431846	all_matched	scE2G_ATAC	0.0129896208586451	3.61828944040848	3.807298041128	0.0	0.0	0.23689859169677	0.0030764107107223	0.230813829074955	0.242873137464292	all_matched.all_matched	scE2G (scATAC)	#006479	0.174	48
all_matched	4523	10573106	0.0012613628134004	19097	165692370	0.236843483269624	3.71160168658096	all_matched	scE2G_ATAC	0.0129896208589224	3.61830004911248	3.80730920400305	0.0	0.0	0.23689859169677	0.0030764107107223	0.230813829074955	0.242873137464292	all_matched.all_matched	scE2G (scATAC)	#006479	0.174	48
all_matched	4523	10573040	0.0014882598625698	19097	165692370	0.236843483269624	3.71162485548142	all_matched	scE2G_ATAC	0.0129896208595128	3.61832263559271	3.80733297034216	0.0	0.0	0.23689859169677	0.0030764107107223	0.230813829074955	0.242873137464292	all_matched.all_matched	scE2G (scATAC)	#006479	0.174	48
all_matched	4523	10572974	0.0017522106321021	19097	165692370	0.236843483269624	3.71164802467114	all_matched	scE2G_ATAC	0.0129896208601032	3.61834522235493	3.80735673697798	0.0	0.0	0.23689859169677	0.0030764107107223	0.230813829074955	0.242873137464292	all_matched.all_matched	scE2G (scATAC)	#006479	0.174	48
all_matched	4523	10572865	0.0020608630559632	19097	165692370	0.236843483269624	3.71168628957234	all_matched	scE2G_ATAC	0.0129896208610783	3.61838252535238	3.80739598858682	0.0	0.0	0.23689859169677	0.0030764107107223	0.230813829074955	0.242873137464292	all_matched.all_matched	scE2G (scATAC)	#006479	0.174	48
all_matched	4523	10572697	0.0024306881519022	19097	165692370	0.236843483269624	3.71174526821295	all_matched	scE2G_ATAC	0.0129896208625812	3.61844002138689	3.80745648806436	0.0	0.0	0.23689859169677	0.0030764107107223	0.230813829074955	0.242873137464292	all_matched.all_matched	scE2G (scATAC)	#006479	0.174	48
all_matched	4523	10572464	0.0028713114694459	19097	165692370	0.236843483269624	3.71182706907295	all_matched	scE2G_ATAC	0.0129896208646657	3.61851976593543	3.80754039826033	0.0	0.0	0.23689859169677	0.0030764107107223	0.230813829074955	0.242873137464292	all_matched.all_matched	scE2G (scATAC)	#006479	0.174	48
all_matched	4523	10572051	0.0034243284244427	19097	165692370	0.236843483269624	3.7119720725902	all_matched	scE2G_ATAC	0.0129896208683607	3.61866112435172	3.80768914087196	0.0	0.0	0.23689859169677	0.0030764107107223	0.230813829074955	0.242873137464292	all_matched.all_matched	scE2G (scATAC)	#006479	0.174	48
all_matched	4523	10571108	0.0041160396152243	19097	165692370	0.236843483269624	3.71230320057266	all_matched	scE2G_ATAC	0.0129896208767985	3.61898392843315	3.80802880739751	0.0	0.0	0.23689859169677	0.0030764107107223	0.230813829074955	0.242873137464292	all_matched.all_matched	scE2G (scATAC)	#006479	0.174	48
all_matched	4523	10569581	0.0050220307047119	19097	165692370	0.236843483269624	3.71283952145305	all_matched	scE2G_ATAC	0.0129896208904651	3.6195067672698	3.80857895797275	0.0	0.0	0.23689859169677	0.0030764107107223	0.230813829074955	0.242873137464292	all_matched.all_matched	scE2G (scATAC)	#006479	0.174	48
all_matched	4523	10565845	0.0062471669535323	19097	165692370	0.236843483269624	3.71415235241472	all_matched	scE2G_ATAC	0.0129896209239189	3.62078659626352	3.80992564189878	0.0	0.0	0.23689859169677	0.0030764107107223	0.230813829074955	0.242873137464292	all_matched.all_matched	scE2G (scATAC)	#006479	0.174	48
all_matched	4523	10558306	0.0079942384483924	19097	165692370	0.236843483269624	3.71680438718098	all_matched	scE2G_ATAC	0.0129896209914984	3.62337196413238	3.81264606265057	0.0	0.0	0.23689859169677	0.0030764107107223	0.230813829074955	0.242873137464292	all_matched.all_matched	scE2G (scATAC)	#006479	0.174	48
all_matched	4522	10538989	0.0107075303747202	19097	165692370	0.23679111902393	3.72279368600035	all_matched	scE2G_ATAC	0.0129915030275869	3.62919731780582	3.81880388826673	0.0	0.0	0.236846238416837	0.0030761762735881	0.230761924317601	0.24282031373026	all_matched.all_matched	scE2G (scATAC)	#006479	0.174	48
all_matched	4521	10483794	0.015627782506015	19097	165692370	0.236738754778237	3.7415658253162	all_matched	scE2G_ATAC	0.0129933859493916	3.64748403772311	3.83807432202306	0.0	0.0	0.236793885136904	0.0030759417719358	0.230710019686701	0.242767489869774	all_matched.all_matched	scE2G (scATAC)	#006479	0.174	48
all_matched	4488	10298045	0.0270932859477644	19097	165692370	0.235010734670367	3.78125028614405	all_matched	scE2G_ATAC	0.013055823665598	3.68571956154582	3.87925708608927	0.0	0.0	0.235066226899115	0.0030681669256882	0.228997237997461	0.241024231343273	all_matched.all_matched	scE2G (scATAC)	#006479	0.174	48
all_matched	4437	9951366	0.0416122301709348	19097	165692370	0.232340158140022	3.86851327228795	all_matched	scE2G_ATAC	0.0131535450133357	3.77005575836535	3.96954206967931	0.0	0.0	0.232396209622533	0.0030560117746652	0.226350485125348	0.238329831154696	all_matched.all_matched	scE2G (scATAC)	#006479	0.174	48
all_matched	4294	9146752	0.0693707292763693	19097	165692370	0.224852071005917	4.07316963927509	all_matched	scE2G_ATAC	0.0134358335298844	3.96730779622679	4.1818562517613	0.0	0.0	0.224909690592116	0.0030210101563535	0.218930999902535	0.2307731421093	all_matched.all_matched	scE2G (scATAC)	#006479	0.174	48
all_matched	4181	8715101	0.0832111110375064	19097	165692370	0.218934911242604	4.16241238277406	all_matched	scE2G_ATAC	0.013668063369795	4.05238620468545	4.27542587728647	0.0	0.0	0.218993769959688	0.0029923685168767	0.213069976721054	0.224799845764154	all_matched.all_matched	scE2G (scATAC)	#006479	0.174	48
all_matched	3847	7352834	0.124809991904078	19097	165692370	0.201445253181128	4.53946620103638	all_matched	scE2G_ATAC	0.0144077170959952	4.4130710118371	4.66948148694606	0.0	0.0	0.20150777446207	0.0029023728108689	0.195756707002117	0.207133799360139	all_matched.all_matched	scE2G (scATAC)	#006479	0.174	48
all_matched	3536	6144063	0.16640887277065	19097	165692370	0.185159972770592	4.99337241781129	all_matched	scE2G_ATAC	0.0151804460544122	4.84699240147663	5.14417313618288	0.0	0.0	0.185225904402911	0.0028108742442737	0.179650760486745	0.19066918505444	all_matched.all_matched	scE2G (scATAC)	#006479	0.174	48
all_matched	3467	5953920	0.174	19097	165692370	0.181546839817772	5.05228927419533	all_matched	scE2G_ATAC	0.0153647171946752	4.90241122029561	5.20674944698132	0.0	0.0	0.181613528087535	0.002789492937768	0.176079534124618	0.187014145510927	all_matched.all_matched	scE2G (scATAC)	#006479	0.174	48
all_matched	3222	5143636	0.208007753637221	19097	165692370	0.168717599622977	5.43491392902652	all_matched	scE2G_ATAC	0.0160626286196373	5.26647632785258	5.60873866644166	0.0	0.0	0.168786974503953	0.0027101765430494	0.163405751206855	0.1740294480391	all_matched.all_matched	scE2G (scATAC)	#006479	0.174	48
all_matched	2855	4306348	0.249606634503793	19097	165692370	0.149499921453631	5.75220495428285	all_matched	scE2G_ATAC	0.0172599611527985	5.56086876847652	5.95012456032857	0.0	0.0	0.149573320768546	0.0025805807525048	0.144442076119525	0.154557766787738	all_matched.all_matched	scE2G (scATAC)	#006479	0.174	48
all_matched	2548	3608603	0.291205515370364	19097	165692370	0.133424098025868	6.12629181348527	all_matched	scE2G_ATAC	0.0184420831519141	5.90880625519534	6.3517823673736	0.0	0.0	0.133500863829119	0.0024609231554707	0.128600777272425	0.138247418779311	all_matched.all_matched	scE2G (scATAC)	#006479	0.174	48
all_matched	2275	3076492	0.332804396236936	19097	165692370	0.119128658951668	6.4159795756412	all_matched	scE2G_ATAC	0.019677620498709	6.17324270441925	6.66826105598867	0.0	0.0	0.119208418407413	0.0023445634386442	0.114533399052456	0.12372391885088	all_matched.all_matched	scE2G (scATAC)	#006479	0.174	48
all_matched	2066	2666163	0.374403277103508	19097	165692370	0.108184531601822	6.72327664829413	all_matched	scE2G_ATAC	0.0207768668112895	6.45499159049957	7.00271228176749	0.0	0.0	0.108266582901419	0.002248209007776	0.103778122916863	0.112590940286782	all_matched.all_matched	scE2G (scATAC)	#006479	0.174	48
all_matched	1886	2355303	0.416002157970079	19097	165692370	0.0987589673770749	6.94755934309099	all_matched	scE2G_ATAC	0.02186039218533	6.65617398581911	7.25170059085091	0.0	0.0	0.098842992513481	0.002159459793776	0.0945265039552117	0.102991430798938	all_matched.all_matched	scE2G (scATAC)	#006479	0.174	48
all_matched	1743	2103900	0.457601038836651	19097	165692370	0.0912708802429701	7.18802626524259	all_matched	scE2G_ATAC	0.0228337611857528	6.87343013445855	7.51702142585137	0.0	0.0	0.0913564734830637	0.0020846751020044	0.087184992123574	0.0953567683623662	all_matched.all_matched	scE2G (scATAC)	#006479	0.174	48
all_matched	1578	1905581	0.499199919703223	19097	165692370	0.0826307797036184	7.18483744539877	all_matched	scE2G_ATAC	0.0241117052668283	6.85319400145101	7.53252995696233	0.0	0.0	0.0827181822941207	0.0019930758709239	0.0787244227781517	0.0865371366290851	all_matched.all_matched	scE2G (scATAC)	#006479	0.174	48
all_matched	1451	1729619	0.540798800569794	19097	165692370	0.0759805205006022	7.27870849914251	all_matched	scE2G_ATAC	0.025235778293009	6.92745308834515	7.64777425986804	0.0	0.0	0.0760693157426313	0.0019182110913992	0.0722208958467145	0.0797401451544899	all_matched.all_matched	scE2G (scATAC)	#006479	0.174	48
all_matched	1330	1573483	0.582397681436366	19097	165692370	0.0696444467717443	7.33376429421173	all_matched	scE2G_ATAC	0.0264489839558436	6.96327475436039	7.72396618263202	0.0	0.0	0.0697345688707398	0.0018428901517922	0.0660324484467679	0.0732564450967206	all_matched.all_matched	scE2G (scATAC)	#006479	0.174	48
all_matched	1217	1435572	0.623996562302937	19097	165692370	0.0637272870084306	7.35534352724704	all_matched	scE2G_ATAC	0.027737461113762	6.96614951175528	7.76628154657319	0.0	0.0	0.0638186482383121	0.0017685842014907	0.0602609256698822	0.0671936483469791	all_matched.all_matched	scE2G (scATAC)	#006479	0.174	48
all_matched	1108	1307211	0.665595443169509	19097	165692370	0.0580195842278892	7.35413213102826	all_matched	scE2G_ATAC	0.029158310806171	6.94563295942923	7.78665669731368	0.0	0.0	0.0581121407256165	0.0016927974038292	0.0547017622832609	0.0613374061725175	all_matched.all_matched	scE2G (scATAC)	#006479	0.174	48
all_matched	1027	1193768	0.707194324036081	19097	165692370	0.0537780803267529	7.46427914250513	all_matched	scE2G_ATAC	0.0303545066940628	7.03315306889439	7.92183286379057	0.0	0.0	0.0538715250510445	0.0016335282122365	0.0505764238630392	0.0569797367904666	all_matched.all_matched	scE2G (scATAC)	#006479	0.174	48
all_matched	927	1089220	0.748793204902652	19097	165692370	0.0485416557574488	7.3841666386734	all_matched	scE2G_ATAC	0.0320381467317959	6.93474616275534	7.86271273208835	0.0	0.0	0.0486361970577457	0.0015564137690223	0.0454911408251228	0.0515921706897749	all_matched.all_matched	scE2G (scATAC)	#006479	0.174	48
all_matched	870	987606	0.790392085769224	19097	165692370	0.0455568937529455	7.64315900851527	all_matched	scE2G_ATAC	0.0331229183199386	7.16273057530949	8.15581139276958	0.0	0.0	0.0456520601015654	0.001510273172908	0.0425968127272286	0.0485169747786624	all_matched.all_matched	scE2G (scATAC)	#006479	0.174	48
all_matched	750	886682	0.831990966635796	19097	165692370	0.0392731842697806	7.3388959955279	all_matched	scE2G_ATAC	0.035791750253802	6.84171123256435	7.8722110013679	0.0	0.0	0.0393696665096068	0.0014071194422598	0.0365152808410053	0.0420310876985559	all_matched.all_matched	scE2G (scATAC)	#006479	0.174	48
all_matched	634	799587	0.873589847502367	19097	165692370	0.0331989317693879	6.87956368267389	all_matched	scE2G_ATAC	0.0390515047958363	6.37265186809538	7.42679773563573	2.63854135048843e-302	2.63854135048843e-302	0.0332966860373802	0.0012981326013484	0.0306546386235876	0.0357432249151881	all_matched.all_matched	scE2G (scATAC)	#006479	0.174	48
all_matched	548	708398	0.915188728368939	19097	165692370	0.0286956066397864	6.71182452905561	all_matched	scE2G_ATAC	0.0421019195232471	6.18021203040122	7.28916553141431	2.85846688123e-256	2.85846688123e-256	0.0287943039631433	0.0012099874075086	0.0263240748993223	0.0310671383802504	all_matched.all_matched	scE2G (scATAC)	#006479	0.174	48
all_matched	447	589037	0.95678760923551	19097	165692370	0.0234068178247892	6.58418931161807	all_matched	scE2G_ATAC	0.046743238690288	6.007785142317	7.21589535315945	5.00438590135161e-206	5.00438590135161e-206	0.0235066226899115	0.001096230085797	0.0212582463378578	0.0255553893117206	all_matched.all_matched	scE2G (scATAC)	#006479	0.174	48
all_matched	4523	10573275	0.0	19097	165692370	0.236843483269624	3.71154236147261	all_matched	scE2G_multiome	0.0129896208574107	3.61824221531974	3.80724834912367	0.0	0.0	0.23689859169677	0.0030764107107223	0.230813829074955	0.242873137464292	all_matched.all_matched	scE2G (Multiome)	#792374	0.177	48
all_matched	4523	10573063	0.0001909677432457	19097	165692370	0.236843483269624	3.71161678143782	all_matched	scE2G_multiome	0.0129896208593071	3.61831476451456	3.80732468809939	0.0	0.0	0.23689859169677	0.0030764107107223	0.230813829074955	0.242873137464292	all_matched.all_matched	scE2G (Multiome)	#792374	0.177	48
all_matched	4523	10573063	0.0003053108588771	19097	165692370	0.236843483269624	3.71161678143782	all_matched	scE2G_multiome	0.0129896208593071	3.61831476451456	3.80732468809939	0.0	0.0	0.23689859169677	0.0030764107107223	0.230813829074955	0.242873137464292	all_matched.all_matched	scE2G (Multiome)	#792374	0.177	48
all_matched	4523	10573059	0.0004250837379702	19097	165692370	0.236843483269624	3.71161818561679	all_matched	scE2G_multiome	0.0129896208593429	3.61831613339526	3.80732612848685	0.0	0.0	0.23689859169677	0.0030764107107223	0.230813829074955	0.242873137464292	all_matched.all_matched	scE2G (Multiome)	#792374	0.177	48
all_matched	4523	10572998	0.0005454905989438	19097	165692370	0.236843483269624	3.71163959947777	all_matched	scE2G_multiome	0.0129896208598886	3.61833700895423	3.80734809453062	0.0	0.0	0.23689859169677	0.0030764107107223	0.230813829074955	0.242873137464292	all_matched.all_matched	scE2G (Multiome)	#792374	0.177	48
all_matched	4523	10572982	0.0006749860195223	19097	165692370	0.236843483269624	3.7116452162691	all_matched	scE2G_multiome	0.0129896208600317	3.61834248455055	3.80735385615784	0.0	0.0	0.23689859169677	0.0030764107107223	0.230813829074955	0.242873137464292	all_matched.all_matched	scE2G (Multiome)	#792374	0.177	48
all_matched	4523	10572981	0.0008213057224653	19097	165692370	0.236843483269624	3.71164556731912	all_matched	scE2G_multiome	0.0129896208600406	3.61834282677587	3.80735421626012	0.0	0.0	0.23689859169677	0.0030764107107223	0.230813829074955	0.242873137464292	all_matched.all_matched	scE2G (Multiome)	#792374	0.177	48
all_matched	4523	10572901	0.00097762380762	19097	165692370	0.236843483269624	3.71167365153606	all_matched	scE2G_multiome	0.0129896208607563	3.61837020501128	3.8073830246632	0.0	0.0	0.23689859169677	0.0030764107107223	0.230813829074955	0.242873137464292	all_matched.all_matched	scE2G (Multiome)	#792374	0.177	48
all_matched	4523	10572761	0.0011479547462694	19097	165692370	0.236843483269624	3.71172279993838	all_matched	scE2G_multiome	0.0129896208620087	3.61841811792019	3.80743344041763	0.0	0.0	0.23689859169677	0.0030764107107223	0.230813829074955	0.242873137464292	all_matched.all_matched	scE2G (Multiome)	#792374	0.177	48
all_matched	4523	10572506	0.0013398422324721	19097	165692370	0.236843483269624	3.71181232358717	all_matched	scE2G_multiome	0.0129896208642899	3.61850539112193	3.80752527254403	0.0	0.0	0.23689859169677	0.0030764107107223	0.230813829074955	0.242873137464292	all_matched.all_matched	scE2G (Multiome)	#792374	0.177	48
all_matched	4523	10572220	0.0015588165767966	19097	165692370	0.236843483269624	3.71191273564107	all_matched	scE2G_multiome	0.0129896208668486	3.61860327901587	3.80762827384648	0.0	0.0	0.23689859169677	0.0030764107107223	0.230813829074955	0.242873137464292	all_matched.all_matched	scE2G (Multiome)	#792374	0.177	48
all_matched	4523	10571800	0.0018030808319216	19097	165692370	0.236843483269624	3.71206020374953	all_matched	scE2G_multiome	0.0129896208706064	3.61874704006842	3.80777954460184	0.0	0.0	0.23689859169677	0.0030764107107223	0.230813829074955	0.242873137464292	all_matched.all_matched	scE2G (Multiome)	#792374	0.177	48
all_matched	4523	10571152	0.0020808978657781	19097	165692370	0.236843483269624	3.7122877489605	all_matched	scE2G_multiome	0.0129896208764048	3.61896886524388	3.80801295734649	0.0	0.0	0.23689859169677	0.0030764107107223	0.230813829074955	0.242873137464292	all_matched.all_matched	scE2G (Multiome)	#792374	0.177	48
all_matched	4523	10570405	0.0024021042712577	19097	165692370	0.236843483269624	3.71255009264066	all_matched	scE2G_multiome	0.0129896208830899	3.61922461412399	3.80828206588174	0.0	0.0	0.23689859169677	0.0030764107107223	0.230813829074955	0.242873137464292	all_matched.all_matched	scE2G (Multiome)	#792374	0.177	48
all_matched	4523	10569144	0.0027859697530089	19097	165692370	0.236843483269624	3.71299303538671	all_matched	scE2G_multiome	0.012989620894377	3.61965642216749	3.80873643045238	0.0	0.0	0.23689859169677	0.0030764107107223	0.230813829074955	0.242873137464292	all_matched.all_matched	scE2G (Multiome)	#792374	0.177	48
all_matched	4523	10566769	0.0032503399138133	19097	165692370	0.236843483269624	3.71382757226918	all_matched	scE2G_multiome	0.0129896209156428	3.62046998044705	3.8095924868969	0.0	0.0	0.23689859169677	0.0030764107107223	0.230813829074955	0.242873137464292	all_matched.all_matched	scE2G (Multiome)	#792374	0.177	48
all_matched	4523	10562210	0.0038194678018155	19097	165692370	0.236843483269624	3.71543058337216	all_matched	scE2G_multiome	0.012989620956491	3.62203269502837	3.81123683361701	0.0	0.0	0.23689859169677	0.0030764107107223	0.230813829074955	0.242873137464292	all_matched.all_matched	scE2G (Multiome)	#792374	0.177	48
all_matched	4523	10554747	0.0045345336121734	19097	165692370	0.236843483269624	3.7180576722492	all_matched	scE2G_multiome	0.0129896210234348	3.62459374409789	3.81393166521942	0.0	0.0	0.23689859169677	0.0030764107107223	0.230813829074955	0.242873137464292	all_matched.all_matched	scE2G (Multiome)	#792374	0.177	48
all_matched	4521	10541389	0.0054965101816643	19097	165692370	0.236738754778237	3.72112302753034	all_matched	scE2G_multiome	0.0129933854282348	3.6275552784208	3.81710422674648	0.0	0.0	0.236793885136904	0.0030759417719358	0.230710019686701	0.242767489869774	all_matched.all_matched	scE2G (Multiome)	#792374	0.177	48
all_matched	4520	10514918	0.006830922619851	19097	165692370	0.236686390532544	3.72966569916026	all_matched	scE2G_multiome	0.0129952686493735	3.63586972413299	3.82588136620041	0.0	0.0	0.236741531856971	0.0030757072057506	0.230658115182283	0.242714665882806	all_matched.all_matched	scE2G (Multiome)	#792374	0.177	48
all_matched	4519	10453672	0.008874703847681	19097	165692370	0.236634026286851	3.75068709235479	all_matched	scE2G_multiome	0.0129971527492634	3.6563489560581	3.84745926437042	0.0	0.0	0.236689178577038	0.0030754725750177	0.230606210804376	0.242661841769327	all_matched.all_matched	scE2G (Multiome)	#792374	0.177	48
all_matched	4509	10319876	0.0124153388684103	19097	165692370	0.236110383829921	3.79090689446165	all_matched	scE2G_multiome	0.0130160203055821	3.69542048235712	3.88886059139617	0.0	0.0	0.236165645777708	0.0030731227143118	0.230087173989798	0.242133593670044	all_matched.all_matched	scE2G (Multiome)	#792374	0.177	48
all_matched	4438	9933000	0.020749436523181	19097	165692370	0.232392522385715	3.8765395957281	all_matched	scE2G_multiome	0.0131516146295815	3.77789209744577	3.97776295606957	0.0	0.0	0.232448562902466	0.0030562517493847	0.226402379029233	0.238382665742197	all_matched.all_matched	scE2G (Multiome)	#792374	0.177	48
all_matched	4216	8710930	0.0416629967118717	19097	165692370	0.22076765984186	4.1992665282067	all_matched	scE2G_multiome	0.0135952330787798	4.0888497946485	4.31266499395414	0.0	0.0	0.220826134757343	0.0030013343015095	0.214885152705337	0.226650166978383	all_matched.all_matched	scE2G (Multiome)	#792374	0.177	48
all_matched	4075	8153984	0.0519994339298785	19097	165692370	0.213384301199141	4.33605837177011	all_matched	scE2G_multiome	0.0138938032032222	4.21957483209665	4.45575749963782	0.0	0.0	0.213444322286791	0.0029646879372411	0.207573619616748	0.219194982781534	all_matched.all_matched	scE2G (Multiome)	#792374	0.177	48
all_matched	3645	6638946	0.0833259934237435	19097	165692370	0.190867675551134	4.76360517444462	all_matched	scE2G_multiome	0.0148992780156215	4.62650962379884	4.90476322393622	0.0	0.0	0.190932411915607	0.002843833584411	0.185293864147663	0.196441486954605	all_matched.all_matched	scE2G (Multiome)	#792374	0.177	48
all_matched	3177	5027010	0.124988990135615	19097	165692370	0.166361208566791	5.48333560575687	all_matched	scE2G_multiome	0.0161988998980729	5.31197838234688	5.66022058095749	0.0	0.0	0.166431076906968	0.0026950071198575	0.161079091673791	0.17164332545979	all_matched.all_matched	scE2G (Multiome)	#792374	0.177	48
all_matched	2777	3859981	0.166651986847487	19097	165692370	0.145415510289574	6.24206195176581	all_matched	scE2G_multiome	0.0175426754013962	6.03108879107279	6.46041515212907	0.0	0.0	0.145489764933773	0.0025512134936553	0.140415223725137	0.150415796854011	all_matched.all_matched	scE2G (Multiome)	#792374	0.177	48
all_matched	2661	3633038	0.177	19097	165692370	0.139341257789182	6.35495231315237	all_matched	scE2G_multiome	0.0179845491929296	6.13484818469481	6.58295326740016	0.0	0.0	0.139416784461547	0.002506258797311	0.134429080810515	0.144253434767848	all_matched.all_matched	scE2G (Multiome)	#792374	0.177	48
all_matched	2402	3073053	0.208314983559359	19097	165692370	0.125778918154684	6.78172717655231	all_matched	scE2G_multiome	0.0190779368317105	6.53282681485781	7.04011062907524	0.0	0.0	0.125857284958903	0.002399950577795	0.12107510145753	0.130482734851838	all_matched.all_matched	scE2G (Multiome)	#792374	0.177	48
all_matched	2175	2562830	0.24997798027123	19097	165692370	0.113892234382364	7.36337339558587	all_matched	scE2G_multiome	0.0201846817495565	7.07775608453111	7.66051656983792	0.0	0.0	0.113973090414114	0.0022993049060351	0.109385679577059	0.118398789187669	all_matched.all_matched	scE2G (Multiome)	#792374	0.177	48
all_matched	1959	2223272	0.291640976983102	19097	165692370	0.102581557312667	7.64503009502509	all_matched	scE2G_multiome	0.0214037210018251	7.33095103931927	7.97256520202684	0.0	0.0	0.102664781948589	0.0021961401344837	0.0982772017440758	0.106885912881258	all_matched.all_matched	scE2G (Multiome)	#792374	0.177	48
all_matched	1788	1973095	0.333303973694974	19097	165692370	0.0936272712991569	7.86243160019679	all_matched	scE2G_multiome	0.0225153818758239	7.52301196412101	8.21716500819043	0.0	0.0	0.0937123710800482	0.0021086448366917	0.0894944033630548	0.097760139235259	all_matched.all_matched	scE2G (Multiome)	#792374	0.177	48
all_matched	1654	1775103	0.374966970406846	19097	165692370	0.0866104623762895	8.08442821510821	all_matched	scE2G_multiome	0.0235001461535994	7.72050926432321	8.46550108647103	0.0	0.0	0.0866970315690278	0.0020360174517489	0.0826199414989665	0.0906009832536125	all_matched.all_matched	scE2G (Multiome)	#792374	0.177	48
all_matched	1522	1610193	0.416629967118717	19097	165692370	0.0796983819448081	8.20113724851646	all_matched	scE2G_multiome	0.0245905718544683	7.81524410088126	8.60608463418563	0.0	0.0	0.0797863986178734	0.001960562551601	0.075855749954232	0.0835410139353842	all_matched.all_matched	scE2G (Multiome)	#792374	0.177	48
all_matched	1407	1474955	0.458292963830589	19097	165692370	0.0736764936901084	8.27661376299894	all_matched	scE2G_multiome	0.0256593509573034	7.87066467124147	8.70350068808844	0.0	0.0	0.0737657714255798	0.0018912973107352	0.0699696190770099	0.0773833683032069	all_matched.all_matched	scE2G (Multiome)	#792374	0.177	48
all_matched	1304	1357351	0.499955960542461	19097	165692370	0.0682829763837252	8.33532976192117	all_matched	scE2G_multiome	0.0267309929437839	7.90986959458121	8.78367480136027	0.0	0.0	0.0683733835924821	0.0018261499165028	0.0647037883170087	0.0718621644504416	all_matched.all_matched	scE2G (Multiome)	#792374	0.177	48
all_matched	1243	1253440	0.541618957254333	19097	165692370	0.0650887573964497	8.6040899232295	all_matched	scE2G_multiome	0.0274259806215821	8.15379716380811	9.07925006224274	0.0	0.0	0.0651798335165698	0.0017860458660334	0.0615881718242875	0.0685893429686119	all_matched.all_matched	scE2G (Multiome)	#792374	0.177	48
all_matched	1145	1159594	0.583281953966205	19097	165692370	0.0599570613185317	8.56716021995875	all_matched	scE2G_multiome	0.0286539224842149	8.09928396763355	9.062064563701	0.0	0.0	0.060049212083137	0.0017190090475965	0.0565878654961441	0.0633262571409193	all_matched.all_matched	scE2G (Multiome)	#792374	0.177	48
all_matched	1059	1069817	0.624944950678076	19097	165692370	0.0554537361889302	8.58862868555895	all_matched	scE2G_multiome	0.0298660055928293	8.10031368224631	9.10638101090799	0.0	0.0	0.0555468300089001	0.0016572644014496	0.0522055576492285	0.0587019147286319	all_matched.all_matched	scE2G (Multiome)	#792374	0.177	48
all_matched	990	988405	0.666607947389948	19097	165692370	0.0518406032361104	8.69035710303044	all_matched	scE2G_multiome	0.0309483281067013	8.17888982771938	9.233809009413	0.0	0.0	0.0519344536935239	0.0016055318063459	0.0486938187196389	0.0549873877525819	all_matched.all_matched	scE2G (Multiome)	#792374	0.177	48
all_matched	927	909508	0.70827094410182	19097	165692370	0.0485416557574488	8.84322291412043	all_matched	scE2G_multiome	0.0320383281391741	8.30499734993874	9.41632949580669	0.0	0.0	0.0486361970577457	0.0015564137690223	0.0454911408251228	0.0515921706897749	all_matched.all_matched	scE2G (Multiome)	#792374	0.177	48
all_matched	852	840776	0.749933940813691	19097	165692370	0.0446143373304708	8.79218161349179	all_matched	scE2G_multiome	0.0334876682949611	8.23364039968958	9.38861229931022	0.0	0.0	0.0447097010627716	0.0014953419410755	0.0416835209813904	0.0475451536795511	all_matched.all_matched	scE2G (Multiome)	#792374	0.177	48
all_matched	790	771434	0.791596937525563	19097	165692370	0.0413677540975022	8.8851686832475	all_matched	scE2G_multiome	0.0348360220452786	8.29875993338674	9.513014373648	0.0	0.0	0.0414637977069263	0.0014424831416988	0.0385405390914663	0.0441949691035382	all_matched.all_matched	scE2G (Multiome)	#792374	0.177	48
all_matched	698	703949	0.833259934237435	19097	165692370	0.0365502434937425	8.60303298755346	all_matched	scE2G_multiome	0.0371538102827971	7.99882522493446	9.25288082982705	0.0	0.0	0.0366472959530915	0.0013595199213874	0.0338856334115584	0.0392148535759266	all_matched.all_matched	scE2G (Multiome)	#792374	0.177	48
all_matched	611	640630	0.874922930949307	19097	165692370	0.0319945541184479	8.27506282718402	all_matched	scE2G_multiome	0.0398047830062332	7.65401672810386	8.94650054035178	0.0	0.0	0.0320925605989215	0.0012752374159955	0.0294951347113588	0.0344939735255371	all_matched.all_matched	scE2G (Multiome)	#792374	0.177	48
all_matched	513	567444	0.916585927661179	19097	165692370	0.0268628580405299	7.84389404718168	all_matched	scE2G_multiome	0.0435557858382405	7.20206383849683	8.54292258484807	4.69293897584971e-270	4.69293897584971e-270	0.0269619391654887	0.0011719590149274	0.024565860579915	0.0291598555011448	all_matched.all_matched	scE2G (Multiome)	#792374	0.177	48
all_matched	409	466398	0.95824892437305	19097	165692370	0.0214169764884537	7.6085866418942	all_matched	scE2G_multiome	0.0489165891864395	6.91299295435215	8.3741718051029	8.079166502111291e-211	8.079166502111291e-211	0.021517198052458	0.0010498842116055	0.0193592412457696	0.0234747117311378	all_matched.all_matched	scE2G (Multiome)	#792374	0.177	48
